,actions_id,actions_timestamp,actions_action_type,actions_transfer_amount,actions_transfer_sender_id,actions_transfer_sender_holdings,actions_transfer_receiver_id,actions_transfer_receiver_holdings
0,WRAP-3d1570d3feb5205253acf83470cc2cbb86516ecfb176e8232396f1c862d4b01d,1613757120,WRAP,99626629360729129,0x0000000000000000000000000000000000000000,-7.455498349074342e+21,0xe19fc582dd93fa876cf4061eb5456f310144f57b,0.0
1,WRAP-3b558a6f04b3e441dd7d2dbe5a906af7178732052696059ea84f95cc47b062cc,1614153966,WRAP,9957210306060901,0x0000000000000000000000000000000000000000,-7.455498349074342e+21,0xff002dae4b9a24a4512d89a9793a1ea794bc8c63,7.967324997449771e+16
2,WRAP-33e92eb90651db99f9af4c40100122bdace71a7387685f34f19abf211cec76d4,1614154065,WRAP,9957210306060901,0x0000000000000000000000000000000000000000,-7.455498349074342e+21,0xff002dae4b9a24a4512d89a9793a1ea794bc8c63,7.967324997449771e+16
3,SEND-7917844e61fee088622ac6f04233a099fe37efa5ea72412c1919322be5e54a7e,1614154142,SEND,10042973576557936,0x7f39c581f595b53c5cb19bd0b3f8da6c935e2ca0,-1.51541466175454e+21,0xff002dae4b9a24a4512d89a9793a1ea794bc8c63,7.967324997449771e+16
4,UNWRAP-7917844e61fee088622ac6f04233a099fe37efa5ea72412c1919322be5e54a7e,1614154142,UNWRAP,10000000000000000,0xff002dae4b9a24a4512d89a9793a1ea794bc8c63,7.967324997449771e+16,0x0000000000000000000000000000000000000000,-7.455498349074342e+21
5,WRAP-f406173c27a906773f4e0add0eccf0c2ef44f849d405d393d68bc89eccef1928,1614198194,WRAP,99572103060609015,0x0000000000000000000000000000000000000000,-7.455498349074342e+21,0x9c767178528c8a205df63305ebda4bb6b147889b,1.9884681471923216e+17
6,WRAP-5043a407b56658bb72030803276b18a6cf5d5793322de097f51c9cd7b8a09e90,1614955805,WRAP,993390809063228791,0x0000000000000000000000000000000000000000,-7.455498349074342e+21,0xb60b2887c7f64ae49ecc939ecb48c985e9358f09,0.0
7,WRAP-c9f8969a805526b2e0f29bc20d9b7b14e475e3874fc3f4ae1a58166e9a7be388,1615176230,WRAP,49648117673446200,0x0000000000000000000000000000000000000000,-7.455498349074342e+21,0xfec18996c36d02902e4c55bcfb7a1c73aa1500cd,0.0
8,WRAP-00d1fb817b629cdca3c1f47f333075f73078a35c444c4f74cf035da6e7171469,1615199177,WRAP,49648117673446200,0x0000000000000000000000000000000000000000,-7.455498349074342e+21,0x00444797ba158a7bdb8302e72da98dcbccef0fbc,0.0
9,WRAP-913b9bc5815c4022571d1ed1307a89a9cd8adcd43d469167b118947d695d83c1,1615234784,WRAP,9927471165862315052,0x0000000000000000000000000000000000000000,-7.455498349074342e+21,0x32254b28f793cc18b3575c86c61fe3d7421cbbef,1.001154194696477e+19
10,WRAP-18c6d3536cf809017d24f2a0f8805affa622b4e314a304b67b85b974972fdd4e,1615234816,WRAP,794197693268985204,0x0000000000000000000000000000000000000000,-7.455498349074342e+21,0x9581f442075eef408bd5e560cca77fcf598f601e,2.581142503124202e+18
11,WRAP-9344765ba8bda9966dcd0d51ad3bb4f0554425b36853731577ec8ef9b0a9b6f5,1615234896,WRAP,9927471165862315052,0x0000000000000000000000000000000000000000,-7.455498349074342e+21,0x84677c9949f95416ef54352eba23c0f97f08f5d8,0.0
12,WRAP-8da2a52f3676fd0eccac01302eb00a323ba8e8550aedd6aabacbfa604c6b1a3e,1615234906,WRAP,1786944809855216709,0x0000000000000000000000000000000000000000,-7.455498349074342e+21,0x9581f442075eef408bd5e560cca77fcf598f601e,2.581142503124202e+18
13,WRAP-55b5b9a062d31666ad3081863cfb34decae2b32428c92af354e143f91e23f15d,1615235033,WRAP,11118767705765792858,0x0000000000000000000000000000000000000000,-7.455498349074342e+21,0xdd4bc51496dc93a0c47008e820e0d80745476f22,0.0
14,WRAP-16e3eda0aa824e7d1faeb91c8b64442896c9c1f0b31f675eb2d673370f2004ca,1615235501,WRAP,1985494233172463010,0x0000000000000000000000000000000000000000,-7.455498349074342e+21,0x99c16d5f932ceccfaf53143e85ae18f03256205d,0.0
15,WRAP-e15a4e14ee02bcaad93a768fdd00a17b3160ca6c067272cd8075792ea1dbf4f9,1615235507,WRAP,89049416357784966020,0x0000000000000000000000000000000000000000,-7.455498349074342e+21,0xe1e2a52a21226ba37f28ba6cdf59f20156798f94,9.999996557722495e+19
16,WRAP-21af0b3e595bf437fa4d7baaa70de74a6f5190c63ca174aa4b5f319b6793d8a8,1615235553,WRAP,24818677914655787631,0x0000000000000000000000000000000000000000,-7.455498349074342e+21,0x275b2edbc7c4413dbecff9ef37ba9214758e3b13,3.1743976325004767e+19
17,WRAP-0a152ac880ca57713418e14043492f5e244138f5c02ba7701feb16be802009b2,1615235664,WRAP,30675885902514553511,0x0000000000000000000000000000000000000000,-7.455498349074342e+21,0xdd01596074fa8e2a2f84d10d89090ae4543ea20b,3.0899986221837525e+19
18,WRAP-132a337cbfc8823bbe8f725739f07a5a72aa1eff0ea9e4eb3206354ad91ec00f,1615235689,WRAP,68860910994887362129,0x0000000000000000000000000000000000000000,-7.455498349074342e+21,0x4e475640967781afc29d3c8aafae4ffc041710b7,0.0
19,WRAP-fa0e0dc23bf45e121171398b158f9bc26cf78e9a3722e2c4ee382ec005a838dd,1615235716,WRAP,10225295300838184503,0x0000000000000000000000000000000000000000,-7.455498349074342e+21,0x9b0c19000a8631c1f555bb365bde308384e4f2ff,0.0
20,WRAP-32fb2137946eaa2f77b33587e3a55f44c49e34f8983dd47c377b279c71957b59,1615235879,WRAP,10920218282448546557,0x0000000000000000000000000000000000000000,-7.455498349074342e+21,0xe71ba8ec2fa3dc20de946b84ceaa243ae7ccf2fb,1.952667483560081e+19
21,WRAP-f44f86a0a1b1280e2c610ed2becb24d82666861663909c55c20e78f2bbf47463,1615235922,WRAP,23281709806998333773,0x0000000000000000000000000000000000000000,-7.455498349074342e+21,0xba3d14a79340cb1eac61f8ddd0a56f4624db0e0d,2.352788019771561e+19
22,WRAP-fc28d5b50461cde17c567c75641a20ba43435af46af3be3de1fc19f0cf7175de,1615235932,WRAP,992747116586231505,0x0000000000000000000000000000000000000000,-7.455498349074342e+21,0xa9befffe0061866e240cbbed7e2572c48941b2db,0.0
23,WRAP-87c7a9324d7fc4bbcc13a5a289ae1c0bf3438474fe3406149cd6bc1fa1b8919b,1615235933,WRAP,744560337439673628,0x0000000000000000000000000000000000000000,-7.455498349074342e+21,0x239f014cfc39ba2217cbe985c5c5357e7e73198a,7.527495249858711e+17
24,WRAP-aa0c0d8338cf71558fdd9c9b788aeb5031172044197501075565157f9c24bb94,1615236025,WRAP,100863107045161120932,0x0000000000000000000000000000000000000000,-7.455498349074342e+21,0x5ade40e345817b739b91c6b4615efce87f9d7c57,1.0159999999967006e+20
25,WRAP-292b258a268b10228385edf41adb988bb3334b1f7ee5205ad8f33b4949e9787b,1615236167,WRAP,8934724049276083547,0x0000000000000000000000000000000000000000,-7.455498349074342e+21,0xd3802dce7f7a54d59e7a64329d287624ff3f495a,8.972004485706817e+18
26,WRAP-b9086ba4c5a281a860bef0e65d5834844303b2943942b6fe7796d5586ceceefa,1615236271,WRAP,717844221961086577023,0x0000000000000000000000000000000000000000,-7.455498349074342e+21,0x6af235d2bbe050e6291615b71ca5829658810142,0.0
27,WRAP-077c3070eabba8bab5ce4cae15f665ad7f3dcd9e1fa0b24e3fd4fb652308df46,1615236449,WRAP,1985494233172463010482,0x0000000000000000000000000000000000000000,-7.455498349074342e+21,0x97960149fc611508748de01202974d372a677632,0.0
28,WRAP-5accd030efcd39990df98ea08fe2bcc647ea00973dc65727f78920a8fa4e741f,1615236622,WRAP,10225295300838184503,0x0000000000000000000000000000000000000000,-7.455498349074342e+21,0xe1e2a52a21226ba37f28ba6cdf59f20156798f94,9.999996557722495e+19
29,WRAP-02425278043b53c418e01925ed01a041ddf48ea2b4c9ba31e9a7817e3580844d,1615236637,WRAP,1022231705948842580946,0x0000000000000000000000000000000000000000,-7.455498349074342e+21,0x0eb4add4ba497357546da7f5d12d39587ca24606,0.0
30,WRAP-f4dafee61fae6a28c0e1624df803ed0fae7ae765da7f8a5f245b80692f116dc2,1615236946,WRAP,105296318568988596342,0x0000000000000000000000000000000000000000,-7.455498349074342e+21,0xb0e83c2d71a991017e0116d58c5765abc57384af,0.0
31,WRAP-3e380e515811c9361ea635ec3f4c71ee460eabad77db1a15d26407b6c2154514,1615236969,WRAP,16876700981965935589,0x0000000000000000000000000000000000000000,-7.455498349074342e+21,0x23783f2d297555fdcbd3cda4b4cee5af9dd2a02b,0.0
32,WRAP-fc7be2ca4b3b8f2e3cf8a6aa5e0d0a3d86459eb7443151f856d67d0fb6f86bb0,1615237056,WRAP,10211099017071001393,0x0000000000000000000000000000000000000000,-7.455498349074342e+21,0xa6775ae22067d71fae76e22fa377cfb38f223f0d,0.0
33,SEND-13cd769b23c99fe525274ff21cd0a1b21bd6f3905fde72caa32757bdda88a66e,1615237114,SEND,105296318568988596342,0xb0e83c2d71a991017e0116d58c5765abc57384af,0.0,0x1a31c94f97c649bc2a8adbceb54d1f4a075be4b1,0.0
34,WRAP-4bc7837112e9dc4705314c5090be006aa9d54ab410201d1328a1eba40da8e580,1615237114,WRAP,30629028238611683384,0x0000000000000000000000000000000000000000,-7.455498349074342e+21,0xfffe1f5d42dc16af7c05d0aa24d2c649a869b367,0.0
35,WRAP-a100d59d98753663f843e488f11c38fc87d41ad302adaaa15c23cce9a6b13b9e,1615237750,WRAP,44077971976428678832,0x0000000000000000000000000000000000000000,-7.455498349074342e+21,0xa3829551320b8c642e050b673e94a8560048a45e,0.0
36,WRAP-91240de9d83cc47d256089ae1744494745955f863d2aece372b1de153ea23b1e,1615237798,WRAP,59167728148539397712,0x0000000000000000000000000000000000000000,-7.455498349074342e+21,0x16f037a3ddf53da1b047a926e1833219f0a8e1fc,8.673043826385732e+19
37,WRAP-102d45d5439777d30bf059f904953224ce04c3c822952e1427711ca1e78ab50e,1615237830,WRAP,26506348012852381189,0x0000000000000000000000000000000000000000,-7.455498349074342e+21,0xf49d2bcc52f0b46a98204721f98ce9d4e6730bed,3.773263546174707e+19
38,SEND-46f0024a9084cc1a0896baf2ba6b7853f65f505c79252910363bb4817f61afb0,1615238082,SEND,99995253918601796047,0x7f39c581f595b53c5cb19bd0b3f8da6c935e2ca0,-1.51541466175454e+21,0xe1e2a52a21226ba37f28ba6cdf59f20156798f94,9.999996557722495e+19
39,UNWRAP-46f0024a9084cc1a0896baf2ba6b7853f65f505c79252910363bb4817f61afb0,1615238082,UNWRAP,99270000000000000000,0xe1e2a52a21226ba37f28ba6cdf59f20156798f94,9.999996557722495e+19,0x0000000000000000000000000000000000000000,-7.455498349074342e+21
40,WRAP-370fa4765545861c2bfcaed509074a8e1c7d65f8cf92d564c4fc166b607b7dd9,1615238373,WRAP,5117426735038338370,0x0000000000000000000000000000000000000000,-7.455498349074342e+21,0x5fbd75846a90e965fefacfe5d80e8e2ba675d841,0.0
41,WRAP-08d0c9f0c27dbd1fde3060b43704fe6952aa9e8d453ffa04ee2ec27ba7e2e205,1615238671,WRAP,29583864074269698856,0x0000000000000000000000000000000000000000,-7.455498349074342e+21,0x298afe764ceade43ba80ac4390195e8d9451d6ef,0.0
42,WRAP-bb4d6233af3228db1c9640f5d5807df71cadf71f7d2780adf892234bdd56b164,1615238778,WRAP,27556884924589330403,0x0000000000000000000000000000000000000000,-7.455498349074342e+21,0xcfb464585241eab3ecb392011648a8e829b951ed,2.783064076208839e+19
43,WRAP-2d015a3c2a9c19df2d201607f9174c1da392310cf6f18b078c87fd309ed51511,1615238821,WRAP,148912067487934725786,0x0000000000000000000000000000000000000000,-7.455498349074342e+21,0x0ae3e9b076f0fa63a818e73e6b44231908629a9e,1.502051917110686e+20
44,WRAP-55b9dea0967b22503f44c66ad28fab38da9a02daf21f1c41678d7f23b543c4d3,1615239310,WRAP,49637355829311575,0x0000000000000000000000000000000000000000,-7.455498349074342e+21,0x9c5dde694ef0b1c17a7ef6ae2e58b7ed8b1bd56f,4.999999740035658e+16
45,WRAP-27b170096e09a9871e7ae26cb9664ea791cdf3b49190630614aab445b3eae968,1615239571,WRAP,8438350490982967794,0x0000000000000000000000000000000000000000,-7.455498349074342e+21,0xe71ba8ec2fa3dc20de946b84ceaa243ae7ccf2fb,1.952667483560081e+19
46,WRAP-7e354cdc3c3a7ce1985a2296e92a0dec1e828f20ade68ab04e2b25e7b5b8973f,1615240301,WRAP,80908890001777867677,0x0000000000000000000000000000000000000000,-7.455498349074342e+21,0xfccba075a3f25208439e8f1a9e00a87fb861e248,8.15173785868149e+19
47,WRAP-0a673a56672ce5cfbc6034f9b00d7db593bb42d5f807d861dc7252ffe75706ad,1615240430,WRAP,198549423317246301,0x0000000000000000000000000000000000000000,-7.455498349074342e+21,0x2beba030cdc9c4a47c5aa657974840428b9fefac,1.9999999690729837e+17
48,WRAP-83d8b419281bbcd2570e045a814158b42e9807cdcd885acb574b31096b0757df,1615240436,WRAP,6949229816103620536,0x0000000000000000000000000000000000000000,-7.455498349074342e+21,0xdcd9ba7fc0b8324817a13deb3c268f80976056b4,0.0
49,SEND-9c2e7369e6af7b6d920d459bd8ccbafaf0496ec14d49bfba507edea80222f6fa,1615241144,SEND,199999573590052060,0x7f39c581f595b53c5cb19bd0b3f8da6c935e2ca0,-1.51541466175454e+21,0x2beba030cdc9c4a47c5aa657974840428b9fefac,1.9999999690729837e+17
50,UNWRAP-9c2e7369e6af7b6d920d459bd8ccbafaf0496ec14d49bfba507edea80222f6fa,1615241144,UNWRAP,198549000000000000,0x2beba030cdc9c4a47c5aa657974840428b9fefac,1.9999999690729837e+17,0x0000000000000000000000000000000000000000,-7.455498349074342e+21
51,SEND-2c68d29decf30c156d523e8c87758645c35f9bb0159fb33e09a344086b3e4cba,1615241260,SEND,101599999954508937696,0x7f39c581f595b53c5cb19bd0b3f8da6c935e2ca0,-1.51541466175454e+21,0x5ade40e345817b739b91c6b4615efce87f9d7c57,1.0159999999967006e+20
52,UNWRAP-2c68d29decf30c156d523e8c87758645c35f9bb0159fb33e09a344086b3e4cba,1615241260,UNWRAP,100863107000000000000,0x5ade40e345817b739b91c6b4615efce87f9d7c57,1.0159999999967006e+20,0x0000000000000000000000000000000000000000,-7.455498349074342e+21
53,WRAP-66fc23c59c7810e9a2e96eefcd6788e02b4db5c8a4eb136b2ebf3f0c4c2973e3,1615241628,WRAP,30576611190855930361,0x0000000000000000000000000000000000000000,-7.455498349074342e+21,0x608b10b5cb5154132564e1d415b116def66a3960,6.479999999886914e+19
54,WRAP-0bf0d96a9e54370a9a4a6a506133db48f9d79763672350059ab4794dd439821f,1615241829,WRAP,6552130969469127934,0x0000000000000000000000000000000000000000,-7.455498349074342e+21,0x5bfa69517e17411beda54ea2d3672709f4867254,0.0
55,WRAP-a96fe100cac5ca17403ae3d35aa1cd182aa309af1ed44f5290f47c9dd3d46e5d,1615242094,WRAP,99274711658623150,0x0000000000000000000000000000000000000000,-7.455498349074342e+21,0x9c767178528c8a205df63305ebda4bb6b147889b,1.9884681471923216e+17
56,WRAP-8a8814b7844c55812ff590741e6524a5ec9404a63c5588ca03ffe874413b6796,1615242173,WRAP,5956482699517389031,0x0000000000000000000000000000000000000000,-7.455498349074342e+21,0xcf07aeda16eba7c76f91a589e2c5265b1bf379a8,0.0
57,WRAP-f46e19d5f3ae0cb0c23bf25f4aa2485485a12663b46e616f64bcc718898a133c,1615242643,WRAP,98281964542036919018,0x0000000000000000000000000000000000000000,-7.455498349074342e+21,0x3d18ef2eff0644bb0e6045f6906da0eb34c3200f,0.0
58,WRAP-addc35de86240cee8e5a8783f503decbd547e73b1514a440ce5f80f010474cb5,1615243040,WRAP,153077038740860601443,0x0000000000000000000000000000000000000000,-7.455498349074342e+21,0xadeeb9d09b8bcee10943198fb6f6a4229bab3675,1.5422822679586442e+20
59,WRAP-6ebbb9d353b6eca1044c353ebc5f798c69c4ea62194044f715a942f629c8eee0,1615243312,WRAP,49637355829311575262,0x0000000000000000000000000000000000000000,-7.455498349074342e+21,0x58f41b41ab4884520769c382d45188f9d5c31b27,0.0
60,WRAP-bb456a03321e1ea0ddafb2872e8f8a894d3dc9f1d9046f5cba681cab9cc4b7c5,1615244195,WRAP,6993506337503366461,0x0000000000000000000000000000000000000000,-7.455498349074342e+21,0x6f9bb7e454f5b3eb2310343f0e99269dc2bb8a1d,0.0
61,WRAP-cc7596c7e02bc41c374d411e49e9a75e52e5857c98fe25e7b1c51c306e272e2c,1615244283,WRAP,15883953865379704083,0x0000000000000000000000000000000000000000,-7.455498349074342e+21,0x5993bad196c8786baaedb5a5868f338fe6ce4cc2,0.0
62,SEND-93ff4b667a85a5928d153e617e41543d77bbc3d87f069ef660f18a3a15ceff2a,1615244336,SEND,49999641571045002,0x7f39c581f595b53c5cb19bd0b3f8da6c935e2ca0,-1.51541466175454e+21,0x9c5dde694ef0b1c17a7ef6ae2e58b7ed8b1bd56f,4.999999740035658e+16
63,UNWRAP-93ff4b667a85a5928d153e617e41543d77bbc3d87f069ef660f18a3a15ceff2a,1615244336,UNWRAP,49637000000000000,0x9c5dde694ef0b1c17a7ef6ae2e58b7ed8b1bd56f,4.999999740035658e+16,0x0000000000000000000000000000000000000000,-7.455498349074342e+21
64,WRAP-4d0d446521cc913dc9978ce6c43178cd470fb90b78e6c7b000dc6a8037662d6a,1615245585,WRAP,28695624439393616527,0x0000000000000000000000000000000000000000,-7.455498349074342e+21,0x20eadfcaf91bd98674ff8fc341d148e1731576a4,3.894922091513897e+19
65,WRAP-064b39ded16e508642fa489493231fc56e87c2e614afb4f265346dd7c7e58b38,1615246763,WRAP,30179512344221437759,0x0000000000000000000000000000000000000000,-7.455498349074342e+21,0x51d679666d6a24653f1fae57a8b1a04f69abab99,0.0
66,WRAP-1e0643e3e888928ea5c23a72fdecf74fca6ee65a1d1910ab399ed7806136adf0,1615247617,WRAP,33753401963931871178,0x0000000000000000000000000000000000000000,-7.455498349074342e+21,0x608b10b5cb5154132564e1d415b116def66a3960,6.479999999886914e+19
67,SEND-e570dc9dd13bd095bb97bacff9a65e489760de03bb60472d56b2d3343105703c,1615248818,SEND,64799999844081338587,0x7f39c581f595b53c5cb19bd0b3f8da6c935e2ca0,-1.51541466175454e+21,0x608b10b5cb5154132564e1d415b116def66a3960,6.479999999886914e+19
68,UNWRAP-e570dc9dd13bd095bb97bacff9a65e489760de03bb60472d56b2d3343105703c,1615248818,UNWRAP,64330013000000000000,0x608b10b5cb5154132564e1d415b116def66a3960,6.479999999886914e+19,0x0000000000000000000000000000000000000000,-7.455498349074342e+21
69,WRAP-e1f82438cd3a3493f0ee747506d3dc68996d05e109b10817197d094dcf721b19,1615252046,WRAP,24818677914655787631,0x0000000000000000000000000000000000000000,-7.455498349074342e+21,0x09dbc4a902199bbe7f7ec29b3714731786f2e878,8.085275916398667e+19
70,WRAP-cc53f80106ef807f7fe6e9b1f8e9de98d34f997314fe85de58d56fb373b58f44,1615252563,WRAP,25381466255048522271,0x0000000000000000000000000000000000000000,-7.455498349074342e+21,0x2ae1d88af6d27cdf7c5c3799c8bf88191e2686d6,0.0
71,WRAP-4c8e6a54c07d2e9a73dcb6990de1a7a0b54d733051d609af7fb587f6be016581,1615252898,WRAP,2978241349758694515,0x0000000000000000000000000000000000000000,-7.455498349074342e+21,0x53d7a5d2dde61856045090aab99b3f1f444b8851,0.0
72,WRAP-c6922b5af06faadb715b08826c20dd19bc3a188952112a5363abb8fea53334d7,1615257849,WRAP,1389845963220724107,0x0000000000000000000000000000000000000000,-7.455498349074342e+21,0xfc436651f2fd4885ad645035a63a7cd22e6a868c,0.0
73,WRAP-0ac2e56949ea72216d10da0f0a03cca12332dbadbdf39959b6ac39a7b6c66e78,1615258265,WRAP,261092491662178885878,0x0000000000000000000000000000000000000000,-7.455498349074342e+21,0x40d227723d66eb5d5cb1dff427c51a49d0b9957e,0.0
74,WRAP-23b5290eadb1124267cb027c6dc39a226887f5d6523f5cc42a528017b8cb92ec,1615259987,WRAP,2878966638100071365,0x0000000000000000000000000000000000000000,-7.455498349074342e+21,0xfedf3f726e77a7c5ff0304043f49bb261c47a1e2,0.0
75,WRAP-34ffbe30c0ef6fd66eaefc54b6582e4ebf133ce29c026e0643bcc759cb0c5738,1615270668,WRAP,2481867791465578763,0x0000000000000000000000000000000000000000,-7.455498349074342e+21,0xebe668347fd2dcd96221f5cfdb6645c97cabc27d,0.0
76,WRAP-2495fcdeff8761f46b1b2b753a207749629263e63b81a80a5445aa3f5163604c,1615270798,WRAP,10093259934332215713,0x0000000000000000000000000000000000000000,-7.455498349074342e+21,0x936915a08e7c18b649a02203b9706bed489f9c68,0.0
77,WRAP-99cd3edfedc022549d7aa491a5bf56cc2b53cdff9299f879721f14304739f0d5,1615272009,WRAP,1092021828244854655,0x0000000000000000000000000000000000000000,-7.455498349074342e+21,0xc217eeae1e24753888673cfc6fd941051e8fc432,0.0
78,WRAP-cb54659316f3ed8b26ef74981205033c72ee3effaa4c5d1bbca0c9737eb30337,1615272436,WRAP,2978241349758694515,0x0000000000000000000000000000000000000000,-7.455498349074342e+21,0xa1c6bf9a94e603c0c7e0559a9bbe6329137239f7,1.0756638319852255e+19
79,SEND-107329c1ade6129e4ff5e501d8045655f86f87d658cab6bf2f36e61888b98d4d,1615274366,SEND,30898100319322972619,0x7f39c581f595b53c5cb19bd0b3f8da6c935e2ca0,-1.51541466175454e+21,0xdd01596074fa8e2a2f84d10d89090ae4543ea20b,3.0899986221837525e+19
80,UNWRAP-107329c1ade6129e4ff5e501d8045655f86f87d658cab6bf2f36e61888b98d4d,1615274366,UNWRAP,30674000000000000000,0xdd01596074fa8e2a2f84d10d89090ae4543ea20b,3.0899986221837525e+19,0x0000000000000000000000000000000000000000,-7.455498349074342e+21
81,WRAP-61df08a69c393a66fb5715d69db83359b871c96fe2c97bcf74d92f0ff673844b,1615282681,WRAP,149507715757886464689,0x0000000000000000000000000000000000000000,-7.455498349074342e+21,0x1ea6a6085f2ce3e1f982684a28879761343ff4ce,0.0
82,WRAP-af3ccf8371b7df2e93c859dbf62eabd9e0faaf40500e97be429e37a35ea2aa87,1615284505,WRAP,2697393190476449622,0x0000000000000000000000000000000000000000,-7.455498349074342e+21,0xa1c6bf9a94e603c0c7e0559a9bbe6329137239f7,1.0756638319852255e+19
83,WRAP-5b7b6c326653181bc556b0f1b2468c2b2171b5e9725c422ee7a42bbf0ccebcd9,1615285013,WRAP,2382593079806955612,0x0000000000000000000000000000000000000000,-7.455498349074342e+21,0xf2d2a8c4988ff113307e80f53678d157eea6371c,0.0
84,WRAP-a8a678f5b39ea51bff34183887381341caafef50bbd0ee7f05129ab8327a1a0e,1615291009,WRAP,3673164331369056569,0x0000000000000000000000000000000000000000,-7.455498349074342e+21,0x04a6b09c4708f4c94670cc52b15b3dddb6c7d04c,0.0
85,WRAP-9a2b79074f61c0308ac7bfa69202907f4575d9b54ed34b4f4ed44a8872115161,1615292421,WRAP,1985494233172463010,0x0000000000000000000000000000000000000000,-7.455498349074342e+21,0xfbdd5c349d1686d7b15b27f47217c55fe93d2bfc,1.9999999982964718e+18
86,SEND-a04815260fecd6e0c03b6547c4b01d130c159080c770a588bece4aaa6d447cd1,1615292834,SEND,1999999765124008808,0x7f39c581f595b53c5cb19bd0b3f8da6c935e2ca0,-1.51541466175454e+21,0xfbdd5c349d1686d7b15b27f47217c55fe93d2bfc,1.9999999982964718e+18
87,UNWRAP-a04815260fecd6e0c03b6547c4b01d130c159080c770a588bece4aaa6d447cd1,1615292834,UNWRAP,1985494000000000000,0xfbdd5c349d1686d7b15b27f47217c55fe93d2bfc,1.9999999982964718e+18,0x0000000000000000000000000000000000000000,-7.455498349074342e+21
88,WRAP-ccb6a01c3f58ed31b86ebb7985f633154de3e9c5412d5e72bb5b643acda9e1e3,1615294627,WRAP,595521284450513034682,0x0000000000000000000000000000000000000000,-7.455498349074342e+21,0xb6af7c04f67b5eb61f0dc7ac4a760888ec3e3887,1.5016344917044927e+21
89,WRAP-af1b8e10789bc4d89a117c88f1b08498deeef5a7e8ace5315b238535753e7208,1615300464,WRAP,34738741592946593689,0x0000000000000000000000000000000000000000,-7.455498349074342e+21,0x1c4203db716a122aff5120203268113e8b471f0e,8.598125631604516e+19
90,WRAP-911823a475b6d4dcd866c0135d14aec77c96cddb1d2dbc6a2cf3e596e0380f43,1615300986,WRAP,39701418963367535,0x0000000000000000000000000000000000000000,-7.455498349074342e+21,0x79d084f1f47f4846f6ad99393ac0d8edd8de814e,0.0
91,WRAP-4f8e0c0852544c22b21869abd2c4ad452bb3a5ae92fb5ea24db89a722ca550aa,1615301221,WRAP,198507094816837678,0x0000000000000000000000000000000000000000,-7.455498349074342e+21,0xb37287e045646fb6a40fc7424cbb48e9feccaa64,0.0
92,WRAP-c8e2e42f4c5ba30c57916dd2d130b5b63db6413284e0c6494cb9e4d45f2cb316,1615301330,WRAP,297760642225256517,0x0000000000000000000000000000000000000000,-7.455498349074342e+21,0xf0e8e956a81032e430f263d48bfa5d52ff9f6534,0.0
93,WRAP-86a49f4fb32574135a5053c511a0392e2a7c1dc1b082c4c79262e0e7b25751e3,1615301689,WRAP,992535474084188391,0x0000000000000000000000000000000000000000,-7.455498349074342e+21,0x1e9112601f9fa78e978c660d1b68071a3c332500,9.99999996434572e+17
94,WRAP-3518d2a1165322c68f0090b2b35a8ebfc93bf6a36247472931dba51abe6c80e5,1615301864,WRAP,7940283792673507129,0x0000000000000000000000000000000000000000,-7.455498349074342e+21,0x1c4203db716a122aff5120203268113e8b471f0e,8.598125631604516e+19
95,WRAP-bf89c46203efd23dbe41401441983e21a195474203586835afc3914c150ec8a8,1615301960,WRAP,50619309178293607,0x0000000000000000000000000000000000000000,-7.455498349074342e+21,0xe57e2c5d7b0a4f6e3419e586dbc89195943d6c78,0.0
96,WRAP-02761fbe85f1ff4821732e86eabff77810c35faa03222f835127471d20368bcb,1615304041,WRAP,40693954437451724036,0x0000000000000000000000000000000000000000,-7.455498349074342e+21,0x41bc7d0687e6cea57fa26da78379dfdc5627c56d,4.058453534617187e+20
97,SEND-05aa25589fe85232d0e03ab84ea21ae38ca173a2a7821d662f1600e21c4a1820,1615304578,SEND,42999999611479779929,0x7f39c581f595b53c5cb19bd0b3f8da6c935e2ca0,-1.51541466175454e+21,0x1c4203db716a122aff5120203268113e8b471f0e,8.598125631604516e+19
98,UNWRAP-05aa25589fe85232d0e03ab84ea21ae38ca173a2a7821d662f1600e21c4a1820,1615304578,UNWRAP,42679025000000000000,0x1c4203db716a122aff5120203268113e8b471f0e,8.598125631604516e+19,0x0000000000000000000000000000000000000000,-7.455498349074342e+21
99,SEND-f714de35967786f51befc69c7da9284f266ef7e01a8812d415e8433fa0fc8a19,1615304892,SEND,999999522350383669,0x7f39c581f595b53c5cb19bd0b3f8da6c935e2ca0,-1.51541466175454e+21,0x1e9112601f9fa78e978c660d1b68071a3c332500,9.99999996434572e+17
100,UNWRAP-f714de35967786f51befc69c7da9284f266ef7e01a8812d415e8433fa0fc8a19,1615304892,UNWRAP,992535000000000000,0x1e9112601f9fa78e978c660d1b68071a3c332500,9.99999996434572e+17,0x0000000000000000000000000000000000000000,-7.455498349074342e+21
101,WRAP-2699e487813f02d13bb24b37c3a1cf89351b1474eef47cc2a0faef68f4d0d948,1615305278,WRAP,42360421498439076345,0x0000000000000000000000000000000000000000,-7.455498349074342e+21,0x1c4203db716a122aff5120203268113e8b471f0e,8.598125631604516e+19
102,SEND-45532af28ae21ad795e9db710a611b48fa4cfddb903bfdce398bca4e2b004604,1615305659,SEND,42679000505332994891,0x7f39c581f595b53c5cb19bd0b3f8da6c935e2ca0,-1.51541466175454e+21,0x1c4203db716a122aff5120203268113e8b471f0e,8.598125631604516e+19
103,UNWRAP-45532af28ae21ad795e9db710a611b48fa4cfddb903bfdce398bca4e2b004604,1615305659,UNWRAP,42360422000000000000,0x1c4203db716a122aff5120203268113e8b471f0e,8.598125631604516e+19,0x0000000000000000000000000000000000000000,-7.455498349074342e+21
104,WRAP-e1ebd39b07c74fafb41358199b414cb58e3a1f47b4069f43dc9c7315a75b9c3f,1615305659,WRAP,317611351706940285,0x0000000000000000000000000000000000000000,-7.455498349074342e+21,0x1c4203db716a122aff5120203268113e8b471f0e,8.598125631604516e+19
105,SEND-fc33056c56e91e2b51576a05ff77dd75fd3fb1f6d73c0db8ea2b5713996e26cb,1615305750,SEND,302256199232384853,0x7f39c581f595b53c5cb19bd0b3f8da6c935e2ca0,-1.51541466175454e+21,0x1c4203db716a122aff5120203268113e8b471f0e,8.598125631604516e+19
106,UNWRAP-fc33056c56e91e2b51576a05ff77dd75fd3fb1f6d73c0db8ea2b5713996e26cb,1615305750,UNWRAP,300000000000000000,0x1c4203db716a122aff5120203268113e8b471f0e,8.598125631604516e+19,0x0000000000000000000000000000000000000000,-7.455498349074342e+21
107,WRAP-11d217da0c359e64accbdf99239e888712c09f0ce12ba170ca03be6bca029df1,1615306380,WRAP,1970182916057113956,0x0000000000000000000000000000000000000000,-7.455498349074342e+21,0x653325afdb00dd741fee25a694467eba17e8e93d,0.0
108,WRAP-1006275248c5208c016a62158135ea648b94ac06f6e0f4667ceca65c9d31e6a9,1615306652,WRAP,85857866822602146806,0x0000000000000000000000000000000000000000,-7.455498349074342e+21,0x41bc7d0687e6cea57fa26da78379dfdc5627c56d,4.058453534617187e+20
109,WRAP-3d1e70c6ddcbc7906c69badd20dfd73d0b2575f75ec95fc23abe865115055a50,1615334839,WRAP,27562710115317911621,0x0000000000000000000000000000000000000000,-7.455498349074342e+21,0x16f037a3ddf53da1b047a926e1833219f0a8e1fc,8.673043826385732e+19
110,WRAP-fc3975f61027a0a54097794bd81787b583b47de8bc8d43187cbf343eda48dfa9,1615336758,WRAP,2977606422252565173,0x0000000000000000000000000000000000000000,-7.455498349074342e+21,0xa6b145df1e62e0fa0296b7e3f583415ae72f7c14,0.0
111,WRAP-cf51ac1ba052497aba7e1b6b158375300eb96520cfbb531aa644832e680602d1,1615361539,WRAP,4962677370420941955,0x0000000000000000000000000000000000000000,-7.455498349074342e+21,0x076837813bc7f53e4bcd21b0bcc92e988af3a2c3,0.0
112,WRAP-7016145b0e5680019223d7362c342154a1c046ddd797c167d9c71189b0cd1391,1615365667,WRAP,4461711962980007296,0x0000000000000000000000000000000000000000,-7.455498349074342e+21,0xfe62145b68ae16b59f88c121651a9019f13f3653,1.2062285892623077e+19
113,WRAP-5cba9a86050b8079487aa8609332c896c130ae2e53e2ff032da0a2d0abb28462,1615366721,WRAP,2046535692471988316,0x0000000000000000000000000000000000000000,-7.455498349074342e+21,0xfe62145b68ae16b59f88c121651a9019f13f3653,1.2062285892623077e+19
114,WRAP-48ed859a1db18d4803705a17e41afa6c7e3a674c9cfc154918f97197d25189c5,1615376818,WRAP,74440160556314129335,0x0000000000000000000000000000000000000000,-7.455498349074342e+21,0xe69a49f8f9c1d66fefa66dfb61155c06606986d1,1.7402453415896082e+20
115,WRAP-da04207cf92746bdf8f5018095f5411e550190d7e1b29f273fe8ab6ce0efe358,1615379909,WRAP,21835780429852144605,0x0000000000000000000000000000000000000000,-7.455498349074342e+21,0x11d0cb5c690bc838efc52c621f6b48040dd000f7,0.0
116,WRAP-bda82e47b2bcbe55655dc88c3f95b43e9cd230c22f1a1adf8b8bca1ad523b258,1615393158,WRAP,1389549663717863747,0x0000000000000000000000000000000000000000,-7.455498349074342e+21,0x736dde3e0f5c588ddc53ad7f0f65667c0cca2801,1.3999958661638057e+18
117,WRAP-fd7a5bd2f263b59879b6b61b71e39344071147262598b44db95b131254a3bc89,1615396885,WRAP,992535474084188391,0x0000000000000000000000000000000000000000,-7.455498349074342e+21,0x62a32ea089109e7b8f0fe29d839736ddb0c753f6,1.0917890214926072e+19
118,WRAP-a6ad62cfedee58503001308479807dcae883b8b64b2766f03dc0e6f095f3ec6a,1615398474,WRAP,9925354740841883910,0x0000000000000000000000000000000000000000,-7.455498349074342e+21,0x62a32ea089109e7b8f0fe29d839736ddb0c753f6,1.0917890214926072e+19
119,SEND-6b5175b1510ffe65495fa1346007b825af2f9fd66d0753f1570932e8f183f03e,1615399822,SEND,154221188055003831831,0x7f39c581f595b53c5cb19bd0b3f8da6c935e2ca0,-1.51541466175454e+21,0xadeeb9d09b8bcee10943198fb6f6a4229bab3675,1.5422822679586442e+20
120,UNWRAP-6b5175b1510ffe65495fa1346007b825af2f9fd66d0753f1570932e8f183f03e,1615399822,UNWRAP,153070000000000000000,0xadeeb9d09b8bcee10943198fb6f6a4229bab3675,1.5422822679586442e+20,0x0000000000000000000000000000000000000000,-7.455498349074342e+21
121,WRAP-8571bd1eb4047a868ee2f16386641e0eee5b056286032fa45052a19e93c0b2fe,1615408029,WRAP,258059223261888981695,0x0000000000000000000000000000000000000000,-7.455498349074342e+21,0xb6af7c04f67b5eb61f0dc7ac4a760888ec3e3887,1.5016344917044927e+21
122,SEND-3a8c5729c52892a09eb73842e9700cac612972b634e70ab09189a15cb251bb6e,1615409580,SEND,1399446202445941872,0x7f39c581f595b53c5cb19bd0b3f8da6c935e2ca0,-1.51541466175454e+21,0x736dde3e0f5c588ddc53ad7f0f65667c0cca2801,1.3999958661638057e+18
123,UNWRAP-3a8c5729c52892a09eb73842e9700cac612972b634e70ab09189a15cb251bb6e,1615409580,UNWRAP,1389000000000000000,0x736dde3e0f5c588ddc53ad7f0f65667c0cca2801,1.3999958661638057e+18,0x0000000000000000000000000000000000000000,-7.455498349074342e+21
124,WRAP-856ca36a67aa5aa308ec022890de031bbf853ed887c8dbfe54147c0f27c03284,1615412688,WRAP,1663919222425378197,0x0000000000000000000000000000000000000000,-7.455498349074342e+21,0xfe62145b68ae16b59f88c121651a9019f13f3653,1.2062285892623077e+19
125,WRAP-2555de87c67f155703a168670dcaf7dab5e355c11b5292fda2e0d59d18f33e27,1615417428,WRAP,12287589169162252282,0x0000000000000000000000000000000000000000,-7.455498349074342e+21,0xdef090607c0628eb1c36be11038e68e0d34d44d5,0.0
126,WRAP-4d5a1fb4fef673a4bac3f272d6d8e9c9714875b57e0dc7fd3fd363481eaad166,1615428579,WRAP,2088932837782968508,0x0000000000000000000000000000000000000000,-7.455498349074342e+21,0xa1c6bf9a94e603c0c7e0559a9bbe6329137239f7,1.0756638319852255e+19
127,WRAP-15a74f5e39dacd5de032d676b203e8ca12ea34712af08dd5f18358f2e3ee56b4,1615447275,WRAP,9925354740841883,0x0000000000000000000000000000000000000000,-7.455498349074342e+21,0xb762437d8d9d0614988b5071867ae7e836705e7c,0.0
128,SEND-ac26ce0f603d42811550193f723b0cafc0d455c57f074971c664fe79ac9a2d44,1615461660,SEND,81517378585037035207,0x7f39c581f595b53c5cb19bd0b3f8da6c935e2ca0,-1.51541466175454e+21,0xfccba075a3f25208439e8f1a9e00a87fb861e248,8.15173785868149e+19
129,UNWRAP-ac26ce0f603d42811550193f723b0cafc0d455c57f074971c664fe79ac9a2d44,1615461660,UNWRAP,80908890000000000000,0xfccba075a3f25208439e8f1a9e00a87fb861e248,8.15173785868149e+19,0x0000000000000000000000000000000000000000,-7.455498349074342e+21
130,WRAP-339001dd14f72e3d5858b0e377b09eaeefac338b33bdb9c19e3151164f345679,1615474873,WRAP,157859707177197595,0x0000000000000000000000000000000000000000,-7.455498349074342e+21,0xc0feeab66b812623c5c0f446e5d5a8cf8e29638d,0.0
131,SEND-124e7c4be19cee9b4f951ecdd80f4b717fd1c9ac4a770d35fe6019a3e0699d53,1615475046,SEND,17611235766117448,0x1c4203db716a122aff5120203268113e8b471f0e,8.598125631604516e+19,0x4a26cb22d798ea53afe02d00ea29b849d6044ee3,0.0
132,WRAP-4bbe9de37609198631ca1adf710a1e1a323dd859b4efd8620bd27cf393d5c391,1615531454,WRAP,19858106620620706373,0x0000000000000000000000000000000000000000,-7.455498349074342e+21,0x2bd9b535e16a1ca0959f93ce8ee4ef08573e6a2e,0.0
133,WRAP-c269c61ed88732edfbfb6d01d241970b5973c4a77f61d54cc9412311b3b97a00,1615538149,WRAP,13325488373494414416,0x0000000000000000000000000000000000000000,-7.455498349074342e+21,0xab912f5e8fd03e5d0da7f3f1bc8f3fd3b027b0f8,1.3469227329622094e+19
134,WRAP-586696f1fb5f067a44ee21b70822395a7de08b51d62ca3c778d377600b8b698d,1615557572,WRAP,582318975167166218270,0x0000000000000000000000000000000000000000,-7.455498349074342e+21,0xb6af7c04f67b5eb61f0dc7ac4a760888ec3e3887,1.5016344917044927e+21
135,WRAP-a7c3c5925d76d1f405b9880b0cc6c0b465c9bb645f597a1dbc362e5b2cfea4ca,1615563282,WRAP,5091416559539099929,0x0000000000000000000000000000000000000000,-7.455498349074342e+21,0xa0d79aa4c2191768130d8a6645e7d0cfd4f1dbd9,1.542237518458609e+19
136,WRAP-e6e8623b799d095ebce3b9706b9863afb3091c076e9b5ae4ff71f4010d70691f,1615565412,WRAP,4073094661671945431,0x0000000000000000000000000000000000000000,-7.455498349074342e+21,0xa0d79aa4c2191768130d8a6645e7d0cfd4f1dbd9,1.542237518458609e+19
137,WRAP-09e8d6cc8a9b5dd8948291a2f272cfcc8ac1ab31a88b16890d0da21e0c4e680f,1615621937,WRAP,41317178335163947386,0x0000000000000000000000000000000000000000,-7.455498349074342e+21,0xe69a49f8f9c1d66fefa66dfb61155c06606986d1,1.7402453415896082e+20
138,SEND-1cb98119a9c4c1d8f1ede325b43665eb134c6fd1bac5339af4b76c14c2b044f8,1615737021,SEND,10011541946964771529,0x7f39c581f595b53c5cb19bd0b3f8da6c935e2ca0,-1.51541466175454e+21,0x32254b28f793cc18b3575c86c61fe3d7421cbbef,1.001154194696477e+19
139,UNWRAP-1cb98119a9c4c1d8f1ede325b43665eb134c6fd1bac5339af4b76c14c2b044f8,1615737021,UNWRAP,9927471165862315052,0x32254b28f793cc18b3575c86c61fe3d7421cbbef,1.001154194696477e+19,0x0000000000000000000000000000000000000000,-7.455498349074342e+21
140,SEND-678c5e28bb05883dd069280b68a6c7a05556c0dd822b98999ce76b2e392265ff,1615862605,SEND,19526664835600808108,0x7f39c581f595b53c5cb19bd0b3f8da6c935e2ca0,-1.51541466175454e+21,0xe71ba8ec2fa3dc20de946b84ceaa243ae7ccf2fb,1.952667483560081e+19
141,UNWRAP-678c5e28bb05883dd069280b68a6c7a05556c0dd822b98999ce76b2e392265ff,1615862605,UNWRAP,19358558773431514351,0xe71ba8ec2fa3dc20de946b84ceaa243ae7ccf2fb,1.952667483560081e+19,0x0000000000000000000000000000000000000000,-7.455498349074342e+21
142,WRAP-ee8c0690b86a6a1e92d19db0cc12b0646584df00f8774ff644f75af8d4434a8d,1615898702,WRAP,6090083422036585376,0x0000000000000000000000000000000000000000,-7.455498349074342e+21,0xa0d79aa4c2191768130d8a6645e7d0cfd4f1dbd9,1.542237518458609e+19
143,WRAP-91c78279bd5b60d8d5869ba9068e8a7bc102635ef84ca21062920d704ea58062,1615910924,WRAP,30449067278892098199,0x0000000000000000000000000000000000000000,-7.455498349074342e+21,0xaea4643974959ac41749202f759c3d24f8c9b5e5,0.0
144,WRAP-2d00dfbd48b4eebbe8cc11aa3aaeb4892e06d7fe1b0d81829528a6d05cbbc621,1615932034,WRAP,31724510353677513519,0x0000000000000000000000000000000000000000,-7.455498349074342e+21,0x7d4c4d5380ca2f9c7a091bb622b80613da7eae8c,0.0
145,SEND-957264bdb65b78d1284ab9e1b1c63518757b9d85bc77c269ee4153c2d349455d,1616003064,SEND,150205191711068587126,0x7f39c581f595b53c5cb19bd0b3f8da6c935e2ca0,-1.51541466175454e+21,0x0ae3e9b076f0fa63a818e73e6b44231908629a9e,1.502051917110686e+20
146,UNWRAP-957264bdb65b78d1284ab9e1b1c63518757b9d85bc77c269ee4153c2d349455d,1616003064,UNWRAP,148912067487934725786,0x0ae3e9b076f0fa63a818e73e6b44231908629a9e,1.502051917110686e+20,0x0000000000000000000000000000000000000000,-7.455498349074342e+21
147,WRAP-3c3aeac0900f4ae7a0d41805b7dc7bb52d3e33cd4cd43152f51b20967b5299a3,1616044503,WRAP,4956954742762111487,0x0000000000000000000000000000000000000000,-7.455498349074342e+21,0xd7c7eff84dcf4a129941374d9c29244021b7125e,5.007257232505594e+18
148,WRAP-2bee9283424668f97cbac32a8c8e784abdb6432eb7ce05646ece179a84279e07,1616058522,WRAP,198278189710484458,0x0000000000000000000000000000000000000000,-7.455498349074342e+21,0xfcfa4369eaa965ac4e36f1dd9fd2852c6542b0f7,1.7009665801391012e+18
149,WRAP-4f6745941ca383f13591f10e55bc569a36b53b9a9ec27d1a2ab7d0a20ef29e35,1616084802,WRAP,721292961469233678,0x0000000000000000000000000000000000000000,-7.455498349074342e+21,0x453695ebaebcb111049f12ea440733ae3f863e14,0.0
150,WRAP-9913f9c338c64f66bd413c9e6d9f18fb485123ca1fa5a7dbc526a7e7a50db07c,1616091694,WRAP,3890119014745702939,0x0000000000000000000000000000000000000000,-7.455498349074342e+21,0xfe62145b68ae16b59f88c121651a9019f13f3653,1.2062285892623077e+19
151,WRAP-0589881afc32e7be78486f84134a1fbe5f221e22312dbaf7b4dac36ba0860400,1616108029,WRAP,8137367411080863761,0x0000000000000000000000000000000000000000,-7.455498349074342e+21,0x3a9c7db0cb65e9318aa082d5ea83e327ab9fcd76,8.213033804184091e+18
152,SEND-bbf01701709780cbc4cae6f63e499ff2ef38733441ba0892bdb34778c749ed6b,1616109592,SEND,8213033804184090401,0x7f39c581f595b53c5cb19bd0b3f8da6c935e2ca0,-1.51541466175454e+21,0x3a9c7db0cb65e9318aa082d5ea83e327ab9fcd76,8.213033804184091e+18
153,UNWRAP-bbf01701709780cbc4cae6f63e499ff2ef38733441ba0892bdb34778c749ed6b,1616109592,UNWRAP,8137367411080863761,0x3a9c7db0cb65e9318aa082d5ea83e327ab9fcd76,8.213033804184091e+18,0x0000000000000000000000000000000000000000,-7.455498349074342e+21
154,WRAP-700a4dc57ea8f0956903723e6ab2e8009bf90cfd36d538ec39dd8804ec694d47,1616148226,WRAP,65735008824924401730,0x0000000000000000000000000000000000000000,-7.455498349074342e+21,0xb6af7c04f67b5eb61f0dc7ac4a760888ec3e3887,1.5016344917044927e+21
155,WRAP-505873f9b57030db6092081e2d5303f7156e4ab2eedd79fb173042e27a0c8e7a,1616175135,WRAP,8915250504071904830,0x0000000000000000000000000000000000000000,-7.455498349074342e+21,0x777999be819ffecee44a995560a9d0e97780a30c,2.077663060602872e+19
156,WRAP-df73d0b3f0f7b822ded41e99067459bce5a36d449c1cab7ef8645ccc6e26d80f,1616175801,WRAP,11766318840482008008,0x0000000000000000000000000000000000000000,-7.455498349074342e+21,0x777999be819ffecee44a995560a9d0e97780a30c,2.077663060602872e+19
157,SEND-1f413205bbdd0600bb899cd147cdf5086a2bed1053406dccaa47409377bee0d5,1616176095,SEND,10095061261474803347,0x7f39c581f595b53c5cb19bd0b3f8da6c935e2ca0,-1.51541466175454e+21,0x777999be819ffecee44a995560a9d0e97780a30c,2.077663060602872e+19
158,UNWRAP-1f413205bbdd0600bb899cd147cdf5086a2bed1053406dccaa47409377bee0d5,1616176095,UNWRAP,10000000000000000000,0x777999be819ffecee44a995560a9d0e97780a30c,2.077663060602872e+19,0x0000000000000000000000000000000000000000,-7.455498349074342e+21
159,WRAP-f638eec9515d2eb39b3f6a078aaaac648133d4a6bfea40981de0a6872e77c95d,1616182807,WRAP,11226287448894692442,0x0000000000000000000000000000000000000000,-7.455498349074342e+21,0xf49d2bcc52f0b46a98204721f98ce9d4e6730bed,3.773263546174707e+19
160,WRAP-2f0076f25b5336bb4d8ef462f7ff9f5b0c1234b954788f4e1f24f62d80856997,1616185742,WRAP,2035400666079984603,0x0000000000000000000000000000000000000000,-7.455498349074342e+21,0xbcb4c8386c097589e7825aaeb9e7c6295835f1d6,2.0551857818529162e+18
161,WRAP-c1b5cec916f154c5add1e5d776082fd27baec541b16e85e27a3b4f894cb2150e,1616202822,WRAP,101654366537971484119,0x0000000000000000000000000000000000000000,-7.455498349074342e+21,0x41bc7d0687e6cea57fa26da78379dfdc5627c56d,4.058453534617187e+20
162,SEND-e47f8c2b736e84bf99cf4994d7258e670ca8b240004959531f58c1f79b77535e,1616248156,SEND,2055185781852916223,0x7f39c581f595b53c5cb19bd0b3f8da6c935e2ca0,-1.51541466175454e+21,0xbcb4c8386c097589e7825aaeb9e7c6295835f1d6,2.0551857818529162e+18
163,UNWRAP-e47f8c2b736e84bf99cf4994d7258e670ca8b240004959531f58c1f79b77535e,1616248156,UNWRAP,2035400666079984603,0xbcb4c8386c097589e7825aaeb9e7c6295835f1d6,2.0551857818529162e+18,0x0000000000000000000000000000000000000000,-7.455498349074342e+21
164,WRAP-3a55518afaa714a2ed6100d837fda18e2c9beb131214d482a1036dafb6dd7912,1616275547,WRAP,50750181024164097,0x0000000000000000000000000000000000000000,-7.455498349074342e+21,0xfc95c6e764575c96ca8cd03ee9d64c9e218655a3,0.0
165,WRAP-ca9c7b34b1dec83fa22815d5943c0a0977a4bc92c36f935e244513c654c86a46,1616283555,WRAP,990373076756548141,0x0000000000000000000000000000000000000000,-7.455498349074342e+21,0x0e0c57ae65739394b405bc3afc5003be9f858fdb,1.0008441737510808e+17
166,SEND-888d15c24a6245e23afc981b4478cf6be9aab097e7b433b752db7ba4e5c6547e,1616284276,SEND,990373076756548141,0x0e0c57ae65739394b405bc3afc5003be9f858fdb,1.0008441737510808e+17,0x92de28770ac97101d115be8cbfb3b45b94b2700f,1e+18
167,SEND-1bbccfbf86a5fe0eb13c569d67d46d6017c1d6179ac4d47c9a5b03cdee750821,1616285308,SEND,999999999999999999,0x7f39c581f595b53c5cb19bd0b3f8da6c935e2ca0,-1.51541466175454e+21,0x92de28770ac97101d115be8cbfb3b45b94b2700f,1e+18
168,UNWRAP-1bbccfbf86a5fe0eb13c569d67d46d6017c1d6179ac4d47c9a5b03cdee750821,1616285308,UNWRAP,990373076756548141,0x92de28770ac97101d115be8cbfb3b45b94b2700f,1e+18,0x0000000000000000000000000000000000000000,-7.455498349074342e+21
169,WRAP-399045ff80b7279d229cffd08d7b51ec6146e6aed14b3cc50f867e5a16daaf41,1616305180,WRAP,593242957672528161682,0x0000000000000000000000000000000000000000,-7.455498349074342e+21,0x108a8b7200d044bbbe95bef6f671baec5473e05f,5.996421320274104e+20
170,WRAP-c63fa1932785698eafcff10908d501e741a37d4675b63802efd8fb99481986c4,1616335980,WRAP,1485245264032584998,0x0000000000000000000000000000000000000000,-7.455498349074342e+21,0xfcfa4369eaa965ac4e36f1dd9fd2852c6542b0f7,1.7009665801391012e+18
171,WRAP-f8d9df88176f2bb08ab84dd212d76546a1a18b918efb7c8135edec133368fe2c,1616336902,WRAP,1983769134895222766,0x0000000000000000000000000000000000000000,-7.455498349074342e+21,0x2aa33413eaa4d1f43a78c36c8d00f6977bb06051,0.0
172,WRAP-09f33cdb4b8c1ff97f58f3a341c0d6af898dd7aed9edf3efd12e65f5704e5508,1616376502,WRAP,99016350935505666,0x0000000000000000000000000000000000000000,-7.455498349074342e+21,0x0e0c57ae65739394b405bc3afc5003be9f858fdb,1.0008441737510808e+17
173,WRAP-d98483d617bd46ac215bc8c3e6bf25b6c46f2eaf9e1dcc0743f8c7ae61d55389,1616385760,WRAP,56034081249330887912,0x0000000000000000000000000000000000000000,-7.455498349074342e+21,0x09dbc4a902199bbe7f7ec29b3714731786f2e878,8.085275916398667e+19
174,SEND-deda797f7840b8a7fd23be5c5c965b35fccd4d4280cc1e876117d63144817d75,1616410510,SEND,27830640762088391503,0x7f39c581f595b53c5cb19bd0b3f8da6c935e2ca0,-1.51541466175454e+21,0xcfb464585241eab3ecb392011648a8e829b951ed,2.783064076208839e+19
175,UNWRAP-deda797f7840b8a7fd23be5c5c965b35fccd4d4280cc1e876117d63144817d75,1616410510,UNWRAP,27556884924589330403,0xcfb464585241eab3ecb392011648a8e829b951ed,2.783064076208839e+19,0x0000000000000000000000000000000000000000,-7.455498349074342e+21
176,WRAP-3d429fd8bcc69bf41d9d3f9a1156a2e0fb526ae1e33da4999f5b1f9aa5cb66c6,1616429499,WRAP,70440107466198233815,0x0000000000000000000000000000000000000000,-7.455498349074342e+21,0x90d94eaaeefe31a5d168735cc031c7058d3aa51f,0.0
177,WRAP-1c836aeb5c3ad782d9626643882c111efe9bb182044931415736c32f45400a54,1616474188,WRAP,1012996787141803177,0x0000000000000000000000000000000000000000,-7.455498349074342e+21,0xa1c6bf9a94e603c0c7e0559a9bbe6329137239f7,1.0756638319852255e+19
178,SEND-2a10ea13af0150acd3341e2839b846c240d5184e5e1bff4a6999348c4364edc7,1616489383,SEND,5007257232505593940,0x7f39c581f595b53c5cb19bd0b3f8da6c935e2ca0,-1.51541466175454e+21,0xd7c7eff84dcf4a129941374d9c29244021b7125e,5.007257232505594e+18
179,UNWRAP-2a10ea13af0150acd3341e2839b846c240d5184e5e1bff4a6999348c4364edc7,1616489383,UNWRAP,4956954742762111487,0xd7c7eff84dcf4a129941374d9c29244021b7125e,5.007257232505594e+18,0x0000000000000000000000000000000000000000,-7.455498349074342e+21
180,WRAP-17ba29e67361c4294a7d1f2d198597d77c7ce73a3bb8e468a9397102e4edd17f,1616516232,WRAP,177639165663693370047,0x0000000000000000000000000000000000000000,-7.455498349074342e+21,0x41bc7d0687e6cea57fa26da78379dfdc5627c56d,4.058453534617187e+20
181,WRAP-d88a54afad282d7c69aaf683057e36381ccb04ba0b74262848788ac067244dda,1616537276,WRAP,10253596475745349882,0x0000000000000000000000000000000000000000,-7.455498349074342e+21,0x20eadfcaf91bd98674ff8fc341d148e1731576a4,3.894922091513897e+19
182,SEND-53f95e5109e6da44ba38ff62ff787f3f682ff1253af5995311b445bb7c2e72b4,1616575234,SEND,1700966580139101191,0x7f39c581f595b53c5cb19bd0b3f8da6c935e2ca0,-1.51541466175454e+21,0xfcfa4369eaa965ac4e36f1dd9fd2852c6542b0f7,1.7009665801391012e+18
183,UNWRAP-53f95e5109e6da44ba38ff62ff787f3f682ff1253af5995311b445bb7c2e72b4,1616575234,UNWRAP,1683523453743069456,0xfcfa4369eaa965ac4e36f1dd9fd2852c6542b0f7,1.7009665801391012e+18,0x0000000000000000000000000000000000000000,-7.455498349074342e+21
184,WRAP-66a18b157876c1d6b8e34b9a657b69c9d65d19cd36b11683fcca9f9a51310e36,1616583769,WRAP,296923550421324806,0x0000000000000000000000000000000000000000,-7.455498349074342e+21,0x4f721587bc6b00af5449267f92dfea8d67a8b525,0.0
185,SEND-6f217d66a2e1bb2631ebbf8efd2a1e30888dc7b5340b4c9a40921e74f6bd4e79,1616589486,SEND,23527880197715611898,0x7f39c581f595b53c5cb19bd0b3f8da6c935e2ca0,-1.51541466175454e+21,0xba3d14a79340cb1eac61f8ddd0a56f4624db0e0d,2.352788019771561e+19
186,UNWRAP-6f217d66a2e1bb2631ebbf8efd2a1e30888dc7b5340b4c9a40921e74f6bd4e79,1616589486,UNWRAP,23281709806998333773,0xba3d14a79340cb1eac61f8ddd0a56f4624db0e0d,2.352788019771561e+19,0x0000000000000000000000000000000000000000,-7.455498349074342e+21
187,WRAP-60e875224ba25110b3dcc2c2c537c30bc874fe801b1beccaa6ae2d63a9b04014,1616619114,WRAP,2473842693365424873,0x0000000000000000000000000000000000000000,-7.455498349074342e+21,0x1a4ea017bbcda7c0e79cd9e1ee8637b083088ae2,0.0
188,WRAP-353a105c71cd98d99cb98ae32d6e91ca5f6f889197bbe995c34644c203b0ef2a,1616639010,WRAP,1979074154692339898,0x0000000000000000000000000000000000000000,-7.455498349074342e+21,0xa1c6bf9a94e603c0c7e0559a9bbe6329137239f7,1.0756638319852255e+19
189,SEND-23eb785c286afb4b94155d3a5ae9dbd8dc081acacae75c0316b5d452a5b51799,1616690932,SEND,599642132027410317574,0x7f39c581f595b53c5cb19bd0b3f8da6c935e2ca0,-1.51541466175454e+21,0x108a8b7200d044bbbe95bef6f671baec5473e05f,5.996421320274104e+20
190,UNWRAP-23eb785c286afb4b94155d3a5ae9dbd8dc081acacae75c0316b5d452a5b51799,1616690932,UNWRAP,593242957672528161682,0x108a8b7200d044bbbe95bef6f671baec5473e05f,5.996421320274104e+20,0x0000000000000000000000000000000000000000,-7.455498349074342e+21
191,WRAP-35c3bc30a27bf73fb5f569d8d67f644e1ca17b2d64309c2675bcf6843bb343d2,1616699877,WRAP,6925298410348978785,0x0000000000000000000000000000000000000000,-7.455498349074342e+21,0x275b2edbc7c4413dbecff9ef37ba9214758e3b13,3.1743976325004767e+19
192,SEND-d147620195318f900e86eeb77bd630c434de1e99058632eba9c31ec13e1fedf7,1616736913,SEND,100084417375108074,0x7f39c581f595b53c5cb19bd0b3f8da6c935e2ca0,-1.51541466175454e+21,0x0e0c57ae65739394b405bc3afc5003be9f858fdb,1.0008441737510808e+17
193,UNWRAP-d147620195318f900e86eeb77bd630c434de1e99058632eba9c31ec13e1fedf7,1616736913,UNWRAP,99016350935505666,0x0e0c57ae65739394b405bc3afc5003be9f858fdb,1.0008441737510808e+17,0x0000000000000000000000000000000000000000,-7.455498349074342e+21
194,SEND-f98ad84a8d057f62f3701da33d0df73cc6313ce1e197988f41a704db91de2050,1616748677,SEND,13469227329622092965,0x7f39c581f595b53c5cb19bd0b3f8da6c935e2ca0,-1.51541466175454e+21,0xab912f5e8fd03e5d0da7f3f1bc8f3fd3b027b0f8,1.3469227329622094e+19
195,UNWRAP-f98ad84a8d057f62f3701da33d0df73cc6313ce1e197988f41a704db91de2050,1616748677,UNWRAP,13325488373494414416,0xab912f5e8fd03e5d0da7f3f1bc8f3fd3b027b0f8,1.3469227329622094e+19,0x0000000000000000000000000000000000000000,-7.455498349074342e+21
196,SEND-fe84f3a88b9ca58f0682843851ee3aa9a64a2e787f3de383ee994dc01e62b45d,1616763300,SEND,752749524985871107,0x7f39c581f595b53c5cb19bd0b3f8da6c935e2ca0,-1.51541466175454e+21,0x239f014cfc39ba2217cbe985c5c5357e7e73198a,7.527495249858711e+17
197,UNWRAP-fe84f3a88b9ca58f0682843851ee3aa9a64a2e787f3de383ee994dc01e62b45d,1616763300,UNWRAP,744560337439673628,0x239f014cfc39ba2217cbe985c5c5357e7e73198a,7.527495249858711e+17,0x0000000000000000000000000000000000000000,-7.455498349074342e+21
198,SEND-5dc897aa1f4aa8d812a76e18d6dc02521bd2acdeaa8f27b2d1cce6cc73a29300,1616771496,SEND,15422375184586089925,0x7f39c581f595b53c5cb19bd0b3f8da6c935e2ca0,-1.51541466175454e+21,0xa0d79aa4c2191768130d8a6645e7d0cfd4f1dbd9,1.542237518458609e+19
199,UNWRAP-5dc897aa1f4aa8d812a76e18d6dc02521bd2acdeaa8f27b2d1cce6cc73a29300,1616771496,UNWRAP,15254594643247630736,0xa0d79aa4c2191768130d8a6645e7d0cfd4f1dbd9,1.542237518458609e+19,0x0000000000000000000000000000000000000000,-7.455498349074342e+21
200,WRAP-47f0d3ecb2e17133a84981e8bebc84aa4b812066eeebf120ffeb241c40a8d807,1616772759,WRAP,58267195267482753084,0x0000000000000000000000000000000000000000,-7.455498349074342e+21,0xe69a49f8f9c1d66fefa66dfb61155c06606986d1,1.7402453415896082e+20
201,WRAP-cf0258f7c5ca2e81b432570e717574ee1836df45fe78387de9fa7871149a4003,1616785394,WRAP,49456048308608950069,0x0000000000000000000000000000000000000000,-7.455498349074342e+21,0xb60104f227520ae4fc9181ea78750acd26599720,0.0
202,WRAP-15d85d2ef903ef8f1d2ce7b1d005cb2bc9cadea2622779461839d890dea20ee8,1616877244,WRAP,1977822334539871181,0x0000000000000000000000000000000000000000,-7.455498349074342e+21,0xbf18e45aba8c6bb1f3e83659812e37f14478d9d5,0.0
203,WRAP-2aaa4f218b8d34e54dd8a1d9ed53086bfaac92c666be2a40e0987c39c25f1d9e,1617001449,WRAP,59715855785817977,0x0000000000000000000000000000000000000000,-7.455498349074342e+21,0xff002dae4b9a24a4512d89a9793a1ea794bc8c63,7.967324997449771e+16
204,WRAP-4e1f8724a1c11b053648ca5565145c909185a0a26df6d2a8cf49fec54847f770,1617009110,WRAP,35623334784462118176,0x0000000000000000000000000000000000000000,-7.455498349074342e+21,0xececafb3fea380ed39264a7ac86a3af846375aff,0.0
205,SEND-f3054db6ebb32dac412aa027ecbed1688db096f7bdb11bd7c577af9d43fe9bc8,1617165844,SEND,3182004485706816365,0x7f39c581f595b53c5cb19bd0b3f8da6c935e2ca0,-1.51541466175454e+21,0xd3802dce7f7a54d59e7a64329d287624ff3f495a,8.972004485706817e+18
206,UNWRAP-f3054db6ebb32dac412aa027ecbed1688db096f7bdb11bd7c577af9d43fe9bc8,1617165844,UNWRAP,3144724049276083547,0xd3802dce7f7a54d59e7a64329d287624ff3f495a,8.972004485706817e+18,0x0000000000000000000000000000000000000000,-7.455498349074342e+21
