,actions_id,actions_tx_hash,actions_timestamp,actions_action_type,actions_amount,actions_transfer_amount,actions_transfer_sender_id,actions_transfer_sender_holdings,actions_transfer_receiver_id,actions_transfer_receiver_holdings
0,SEND-2cc326a3347909d44abe8e99726d1d16bf8b6b6eaba99aa6590cc115d749206e,2cc326a3347909d44abe8e99726d1d16bf8b6b6eaba99aa6590cc115d749206e,1617539875,SEND,44077971976428678832,44077971976428678832,0xcd91538b91b4ba7797d39a2f66e63810b50a33d0,7.174420301602505e+21,0xa3829551320b8c642e050b673e94a8560048a45e,4.4077971976428675e+19
1,SEND-a9ba439657928e0b760a10f96e4b40c1005fb87eb7d3322b3147b95eb7143307,a9ba439657928e0b760a10f96e4b40c1005fb87eb7d3322b3147b95eb7143307,1617510356,SEND,6993506337503366461,6993506337503366461,0xcd91538b91b4ba7797d39a2f66e63810b50a33d0,7.174420301602505e+21,0x6f9bb7e454f5b3eb2310343f0e99269dc2bb8a1d,6.993506337503366e+18
2,UNWRAP-7e129dd1ce968567ec07f65d4242f0cad18baa86084d5023cc336a3991dabebc,7e129dd1ce968567ec07f65d4242f0cad18baa86084d5023cc336a3991dabebc,1617491594,UNWRAP,10756638319852255720,10756638319852255720,0xa1c6bf9a94e603c0c7e0559a9bbe6329137239f7,0.0,0x0000000000000000000000000000000000000000,-7.388155125109074e+21
3,SEND-0131e7bcceb7f3d1f7dd6fba1a75d35c15f6a2fece9a20df9189b6741569aaef,0131e7bcceb7f3d1f7dd6fba1a75d35c15f6a2fece9a20df9189b6741569aaef,1617491420,SEND,10750000000000000000,10750000000000000000,0xcd91538b91b4ba7797d39a2f66e63810b50a33d0,7.174420301602505e+21,0xa1c6bf9a94e603c0c7e0559a9bbe6329137239f7,0.0
4,UNWRAP-a3bee1f4a09d1540742ee8c6b381ce1f656bc3fcdc750400056c7879dd104115,a3bee1f4a09d1540742ee8c6b381ce1f656bc3fcdc750400056c7879dd104115,1617474713,UNWRAP,49637355829311575262,49637355829311575262,0x58f41b41ab4884520769c382d45188f9d5c31b27,0.0,0x0000000000000000000000000000000000000000,-7.388155125109074e+21
5,SEND-b5961f14ead38041888fb4eb6a37b732e6301d0b17d004fa676698b7a92e3504,b5961f14ead38041888fb4eb6a37b732e6301d0b17d004fa676698b7a92e3504,1617474637,SEND,49637355829311575262,49637355829311575262,0xcd91538b91b4ba7797d39a2f66e63810b50a33d0,7.174420301602505e+21,0x58f41b41ab4884520769c382d45188f9d5c31b27,0.0
6,UNWRAP-145b920447dbd7e55e3ef940f72d2a434e9912a3c64acda3bbc8471d88601e8b,145b920447dbd7e55e3ef940f72d2a434e9912a3c64acda3bbc8471d88601e8b,1617440189,UNWRAP,6949229816103620536,6949229816103620536,0xdcd9ba7fc0b8324817a13deb3c268f80976056b4,0.0,0x0000000000000000000000000000000000000000,-7.388155125109074e+21
7,SEND-270c78a03b4931bae1f46619d73d84dbb86ee465d3f41f31822d04d7319f3d4f,270c78a03b4931bae1f46619d73d84dbb86ee465d3f41f31822d04d7319f3d4f,1617440123,SEND,6949229816103620536,6949229816103620536,0xcd91538b91b4ba7797d39a2f66e63810b50a33d0,7.174420301602505e+21,0xdcd9ba7fc0b8324817a13deb3c268f80976056b4,0.0
8,OTHER-4439de6821d65bb79059a7fa76ef1dbe2cfb992f11b064a70499823e6c421bf0,4439de6821d65bb79059a7fa76ef1dbe2cfb992f11b064a70499823e6c421bf0,1617440123,OTHER,,,0x,0.0,0x,0.0
9,OTHER-0bf32af2424012f1e17bc41f1cc705afe8cc863f2b4b20f7b3b1d421a1d6d8b0,0bf32af2424012f1e17bc41f1cc705afe8cc863f2b4b20f7b3b1d421a1d6d8b0,1617431573,OTHER,,,0x,0.0,0x,0.0
10,SEND-459c03c6c8c4330237175141439473e6746e51045720a6df1956e2906b9f4e50,459c03c6c8c4330237175141439473e6746e51045720a6df1956e2906b9f4e50,1617220073,SEND,31724510353677513519,31724510353677513519,0xcd91538b91b4ba7797d39a2f66e63810b50a33d0,7.174420301602505e+21,0x7d4c4d5380ca2f9c7a091bb622b80613da7eae8c,3.1724510353677513e+19
11,OTHER-1c0a87bf97ffbe09187202fbf9c48973fe2014fcd4eca2b8f502f3b1a892f66f,1c0a87bf97ffbe09187202fbf9c48973fe2014fcd4eca2b8f502f3b1a892f66f,1617199342,OTHER,,,0x,0.0,0x,0.0
12,UNWRAP-f3054db6ebb32dac412aa027ecbed1688db096f7bdb11bd7c577af9d43fe9bc8,f3054db6ebb32dac412aa027ecbed1688db096f7bdb11bd7c577af9d43fe9bc8,1617165844,UNWRAP,3144724049276083547,3144724049276083547,0xd3802dce7f7a54d59e7a64329d287624ff3f495a,0.0,0x0000000000000000000000000000000000000000,-7.388155125109074e+21
13,SEND-44d35e76f72c26ce7463ec4033b0995cbbe6ea80ce9b067959e5d486ca15730f,44d35e76f72c26ce7463ec4033b0995cbbe6ea80ce9b067959e5d486ca15730f,1617165786,SEND,3144724049276083547,3144724049276083547,0xcd91538b91b4ba7797d39a2f66e63810b50a33d0,7.174420301602505e+21,0xd3802dce7f7a54d59e7a64329d287624ff3f495a,0.0
14,OTHER-deae91f9ea055239e2168efc3cdd7d1b598b8d4662764826f9f7e31635419032,deae91f9ea055239e2168efc3cdd7d1b598b8d4662764826f9f7e31635419032,1617104557,OTHER,,,0x,0.0,0x,0.0
15,WRAP-4e1f8724a1c11b053648ca5565145c909185a0a26df6d2a8cf49fec54847f770,4e1f8724a1c11b053648ca5565145c909185a0a26df6d2a8cf49fec54847f770,1617009110,WRAP,35623334784462118176,35623334784462118176,0x0000000000000000000000000000000000000000,-7.388155125109074e+21,0xececafb3fea380ed39264a7ac86a3af846375aff,3334784462118176.0
16,WRAP-2aaa4f218b8d34e54dd8a1d9ed53086bfaac92c666be2a40e0987c39c25f1d9e,2aaa4f218b8d34e54dd8a1d9ed53086bfaac92c666be2a40e0987c39c25f1d9e,1617001449,WRAP,59715855785817977,59715855785817977,0x0000000000000000000000000000000000000000,-7.388155125109074e+21,0xff002dae4b9a24a4512d89a9793a1ea794bc8c63,6.963027639793978e+16
17,OTHER-2a2f52676c7575cb3e3dff1f25fdc557c8d4cc150660071c2b221628f6dba90c,2a2f52676c7575cb3e3dff1f25fdc557c8d4cc150660071c2b221628f6dba90c,1616922832,OTHER,,,0x,0.0,0x,0.0
18,WRAP-15d85d2ef903ef8f1d2ce7b1d005cb2bc9cadea2622779461839d890dea20ee8,15d85d2ef903ef8f1d2ce7b1d005cb2bc9cadea2622779461839d890dea20ee8,1616877244,WRAP,1977822334539871181,1977822334539871181,0x0000000000000000000000000000000000000000,-7.388155125109074e+21,0xbf18e45aba8c6bb1f3e83659812e37f14478d9d5,0.0
19,OTHER-3934c9b882562ddab83463ad525a9291190fb09ae9a6af46056f6efdb9460e50,3934c9b882562ddab83463ad525a9291190fb09ae9a6af46056f6efdb9460e50,1616849503,OTHER,,,0x,0.0,0x,0.0
20,WRAP-cf0258f7c5ca2e81b432570e717574ee1836df45fe78387de9fa7871149a4003,cf0258f7c5ca2e81b432570e717574ee1836df45fe78387de9fa7871149a4003,1616785394,WRAP,49456048308608950069,49456048308608950069,0x0000000000000000000000000000000000000000,-7.388155125109074e+21,0xb60104f227520ae4fc9181ea78750acd26599720,0.0
21,OTHER-0c88a22e24a90dfe64c805eaf9e1c9ae4e7c3b8a15b9c6d3b4b26b637acfbfcd,0c88a22e24a90dfe64c805eaf9e1c9ae4e7c3b8a15b9c6d3b4b26b637acfbfcd,1616776133,OTHER,,,0x,0.0,0x,0.0
22,WRAP-47f0d3ecb2e17133a84981e8bebc84aa4b812066eeebf120ffeb241c40a8d807,47f0d3ecb2e17133a84981e8bebc84aa4b812066eeebf120ffeb241c40a8d807,1616772759,WRAP,58267195267482753084,58267195267482753084,0x0000000000000000000000000000000000000000,-7.388155125109074e+21,0xe69a49f8f9c1d66fefa66dfb61155c06606986d1,0.0
23,UNWRAP-5dc897aa1f4aa8d812a76e18d6dc02521bd2acdeaa8f27b2d1cce6cc73a29300,5dc897aa1f4aa8d812a76e18d6dc02521bd2acdeaa8f27b2d1cce6cc73a29300,1616771496,UNWRAP,15254594643247630736,15254594643247630736,0xa0d79aa4c2191768130d8a6645e7d0cfd4f1dbd9,0.0,0x0000000000000000000000000000000000000000,-7.388155125109074e+21
24,SEND-b2744e5bd841a041eef6aebd82bd108a212fbb0b8284af43caab3d19824adfa9,b2744e5bd841a041eef6aebd82bd108a212fbb0b8284af43caab3d19824adfa9,1616771070,SEND,15254511221211045360,15254511221211045360,0xcd91538b91b4ba7797d39a2f66e63810b50a33d0,7.174420301602505e+21,0xa0d79aa4c2191768130d8a6645e7d0cfd4f1dbd9,0.0
25,OTHER-0a9522383711d8889c81ed7c22a71756d9f05fe911342785c10b3e8548c9abc8,0a9522383711d8889c81ed7c22a71756d9f05fe911342785c10b3e8548c9abc8,1616770605,OTHER,,,0x,0.0,0x,0.0
26,UNWRAP-fe84f3a88b9ca58f0682843851ee3aa9a64a2e787f3de383ee994dc01e62b45d,fe84f3a88b9ca58f0682843851ee3aa9a64a2e787f3de383ee994dc01e62b45d,1616763300,UNWRAP,744560337439673628,744560337439673628,0x239f014cfc39ba2217cbe985c5c5357e7e73198a,0.0,0x0000000000000000000000000000000000000000,-7.388155125109074e+21
27,SEND-457752502e86e11ddc9a04b102d49a7dc4956ca76090fd9198a0a0f5a7fa9729,457752502e86e11ddc9a04b102d49a7dc4956ca76090fd9198a0a0f5a7fa9729,1616763001,SEND,744560337439673628,744560337439673628,0xcd91538b91b4ba7797d39a2f66e63810b50a33d0,7.174420301602505e+21,0x239f014cfc39ba2217cbe985c5c5357e7e73198a,0.0
28,UNWRAP-f98ad84a8d057f62f3701da33d0df73cc6313ce1e197988f41a704db91de2050,f98ad84a8d057f62f3701da33d0df73cc6313ce1e197988f41a704db91de2050,1616748677,UNWRAP,13325488373494414416,13325488373494414416,0xab912f5e8fd03e5d0da7f3f1bc8f3fd3b027b0f8,0.0,0x0000000000000000000000000000000000000000,-7.388155125109074e+21
29,SEND-03c48f8d301826af5b9d4f685eabb0fdea8b2266a6b6882b49364b2c5ccc4347,03c48f8d301826af5b9d4f685eabb0fdea8b2266a6b6882b49364b2c5ccc4347,1616747880,SEND,13320000000000000000,13320000000000000000,0xcd91538b91b4ba7797d39a2f66e63810b50a33d0,7.174420301602505e+21,0xab912f5e8fd03e5d0da7f3f1bc8f3fd3b027b0f8,0.0
30,UNWRAP-d147620195318f900e86eeb77bd630c434de1e99058632eba9c31ec13e1fedf7,d147620195318f900e86eeb77bd630c434de1e99058632eba9c31ec13e1fedf7,1616736913,UNWRAP,99016350935505666,99016350935505666,0x0e0c57ae65739394b405bc3afc5003be9f858fdb,0.0,0x0000000000000000000000000000000000000000,-7.388155125109074e+21
31,OTHER-641a67f02fda58fbd60782e2013ecf7bf189d13b81f3f81460f542926af2a2cd,641a67f02fda58fbd60782e2013ecf7bf189d13b81f3f81460f542926af2a2cd,1616706052,OTHER,,,0x,0.0,0x,0.0
32,WRAP-35c3bc30a27bf73fb5f569d8d67f644e1ca17b2d64309c2675bcf6843bb343d2,35c3bc30a27bf73fb5f569d8d67f644e1ca17b2d64309c2675bcf6843bb343d2,1616699877,WRAP,6925298410348978785,6925298410348978785,0x0000000000000000000000000000000000000000,-7.388155125109074e+21,0x275b2edbc7c4413dbecff9ef37ba9214758e3b13,3976325004766416.0
33,UNWRAP-23eb785c286afb4b94155d3a5ae9dbd8dc081acacae75c0316b5d452a5b51799,23eb785c286afb4b94155d3a5ae9dbd8dc081acacae75c0316b5d452a5b51799,1616690932,UNWRAP,593242957672528161682,593242957672528161682,0x108a8b7200d044bbbe95bef6f671baec5473e05f,0.0,0x0000000000000000000000000000000000000000,-7.388155125109074e+21
34,SEND-9d68f4db668be885984a4cca3e34d95eb925054aa3fa9902500b2cb2c915310e,9d68f4db668be885984a4cca3e34d95eb925054aa3fa9902500b2cb2c915310e,1616690871,SEND,593242957672528161682,593242957672528161682,0xcd91538b91b4ba7797d39a2f66e63810b50a33d0,7.174420301602505e+21,0x108a8b7200d044bbbe95bef6f671baec5473e05f,0.0
35,OTHER-05737f05ea23a8a54d115a26ebffd709efa861937c86e879cd90b1329cc44ffe,05737f05ea23a8a54d115a26ebffd709efa861937c86e879cd90b1329cc44ffe,1616639085,OTHER,,,0x,0.0,0x,0.0
36,WRAP-353a105c71cd98d99cb98ae32d6e91ca5f6f889197bbe995c34644c203b0ef2a,353a105c71cd98d99cb98ae32d6e91ca5f6f889197bbe995c34644c203b0ef2a,1616639010,WRAP,1979074154692339898,1979074154692339898,0x0000000000000000000000000000000000000000,-7.388155125109074e+21,0xa1c6bf9a94e603c0c7e0559a9bbe6329137239f7,0.0
37,OTHER-57bdda8ab147fb0fffb0de40aa0206e053ea582e6034552e99f9487b3374931f,57bdda8ab147fb0fffb0de40aa0206e053ea582e6034552e99f9487b3374931f,1616619557,OTHER,,,0x,0.0,0x,0.0
38,WRAP-60e875224ba25110b3dcc2c2c537c30bc874fe801b1beccaa6ae2d63a9b04014,60e875224ba25110b3dcc2c2c537c30bc874fe801b1beccaa6ae2d63a9b04014,1616619114,WRAP,2473842693365424873,2473842693365424873,0x0000000000000000000000000000000000000000,-7.388155125109074e+21,0x1a4ea017bbcda7c0e79cd9e1ee8637b083088ae2,0.0
39,UNWRAP-6f217d66a2e1bb2631ebbf8efd2a1e30888dc7b5340b4c9a40921e74f6bd4e79,6f217d66a2e1bb2631ebbf8efd2a1e30888dc7b5340b4c9a40921e74f6bd4e79,1616589486,UNWRAP,23281709806998333773,23281709806998333773,0xba3d14a79340cb1eac61f8ddd0a56f4624db0e0d,0.0,0x0000000000000000000000000000000000000000,-7.388155125109074e+21
40,SEND-5e467d9f99eecc3bb6bbc52ab8299247f5a0515cfaf2227de385b15655fdb279,5e467d9f99eecc3bb6bbc52ab8299247f5a0515cfaf2227de385b15655fdb279,1616587667,SEND,23281709806998333773,23281709806998333773,0xcd91538b91b4ba7797d39a2f66e63810b50a33d0,7.174420301602505e+21,0xba3d14a79340cb1eac61f8ddd0a56f4624db0e0d,0.0
41,WRAP-66a18b157876c1d6b8e34b9a657b69c9d65d19cd36b11683fcca9f9a51310e36,66a18b157876c1d6b8e34b9a657b69c9d65d19cd36b11683fcca9f9a51310e36,1616583769,WRAP,296923550421324806,296923550421324806,0x0000000000000000000000000000000000000000,-7.388155125109074e+21,0x4f721587bc6b00af5449267f92dfea8d67a8b525,0.0
42,UNWRAP-53f95e5109e6da44ba38ff62ff787f3f682ff1253af5995311b445bb7c2e72b4,53f95e5109e6da44ba38ff62ff787f3f682ff1253af5995311b445bb7c2e72b4,1616575234,UNWRAP,1683523453743069456,1683523453743069456,0xfcfa4369eaa965ac4e36f1dd9fd2852c6542b0f7,0.0,0x0000000000000000000000000000000000000000,-7.388155125109074e+21
43,SEND-e64c5b62e9bcbf9d29e1dc6cccaa8982d81f979e58b14ae7a25474c9a8786d4d,e64c5b62e9bcbf9d29e1dc6cccaa8982d81f979e58b14ae7a25474c9a8786d4d,1616571445,SEND,1683523453743069456,1683523453743069456,0xcd91538b91b4ba7797d39a2f66e63810b50a33d0,7.174420301602505e+21,0xfcfa4369eaa965ac4e36f1dd9fd2852c6542b0f7,0.0
44,OTHER-029a179c8d2207b748ca5a9fca1a6f01bb05f172eda1067ce9cc8fd2b1225fca,029a179c8d2207b748ca5a9fca1a6f01bb05f172eda1067ce9cc8fd2b1225fca,1616537726,OTHER,,,0x,0.0,0x,0.0
45,WRAP-d88a54afad282d7c69aaf683057e36381ccb04ba0b74262848788ac067244dda,d88a54afad282d7c69aaf683057e36381ccb04ba0b74262848788ac067244dda,1616537276,WRAP,10253596475745349882,10253596475745349882,0x0000000000000000000000000000000000000000,-7.388155125109074e+21,0x20eadfcaf91bd98674ff8fc341d148e1731576a4,2.536209151389664e+17
46,OTHER-a7ab90943da5679249c7d0d7d7b14039552b3acef27b664029187e1c97c024e4,a7ab90943da5679249c7d0d7d7b14039552b3acef27b664029187e1c97c024e4,1616516501,OTHER,,,0x,0.0,0x,0.0
47,WRAP-17ba29e67361c4294a7d1f2d198597d77c7ce73a3bb8e468a9397102e4edd17f,17ba29e67361c4294a7d1f2d198597d77c7ce73a3bb8e468a9397102e4edd17f,1616516232,WRAP,177639165663693370047,177639165663693370047,0x0000000000000000000000000000000000000000,-7.388155125109074e+21,0x41bc7d0687e6cea57fa26da78379dfdc5627c56d,4.535346171872501e+16
48,UNWRAP-2a10ea13af0150acd3341e2839b846c240d5184e5e1bff4a6999348c4364edc7,2a10ea13af0150acd3341e2839b846c240d5184e5e1bff4a6999348c4364edc7,1616489383,UNWRAP,4956954742762111487,4956954742762111487,0xd7c7eff84dcf4a129941374d9c29244021b7125e,0.0,0x0000000000000000000000000000000000000000,-7.388155125109074e+21
49,SEND-2296207ee38c78b3d88b82a9de94ffd16fd17e1159252861c8cb34f80eda9cff,2296207ee38c78b3d88b82a9de94ffd16fd17e1159252861c8cb34f80eda9cff,1616488948,SEND,4956954742762111487,4956954742762111487,0xcd91538b91b4ba7797d39a2f66e63810b50a33d0,7.174420301602505e+21,0xd7c7eff84dcf4a129941374d9c29244021b7125e,0.0
50,OTHER-7a1147ec463d7aa445478ef8f398f1814e5cd22d9dc6fdeac9131a960364b7ae,7a1147ec463d7aa445478ef8f398f1814e5cd22d9dc6fdeac9131a960364b7ae,1616475635,OTHER,,,0x,0.0,0x,0.0
51,WRAP-1c836aeb5c3ad782d9626643882c111efe9bb182044931415736c32f45400a54,1c836aeb5c3ad782d9626643882c111efe9bb182044931415736c32f45400a54,1616474188,WRAP,1012996787141803177,1012996787141803177,0x0000000000000000000000000000000000000000,-7.388155125109074e+21,0xa1c6bf9a94e603c0c7e0559a9bbe6329137239f7,0.0
52,OTHER-aa0d2acb975cecfdde7efcd16d472d5a921ba3fb75bf0f9943e4f116248dc243,aa0d2acb975cecfdde7efcd16d472d5a921ba3fb75bf0f9943e4f116248dc243,1616429995,OTHER,,,0x,0.0,0x,0.0
53,WRAP-3d429fd8bcc69bf41d9d3f9a1156a2e0fb526ae1e33da4999f5b1f9aa5cb66c6,3d429fd8bcc69bf41d9d3f9a1156a2e0fb526ae1e33da4999f5b1f9aa5cb66c6,1616429499,WRAP,70440107466198233815,70440107466198233815,0x0000000000000000000000000000000000000000,-7.388155125109074e+21,0x90d94eaaeefe31a5d168735cc031c7058d3aa51f,0.0
54,UNWRAP-deda797f7840b8a7fd23be5c5c965b35fccd4d4280cc1e876117d63144817d75,deda797f7840b8a7fd23be5c5c965b35fccd4d4280cc1e876117d63144817d75,1616410510,UNWRAP,27556884924589330403,27556884924589330403,0xcfb464585241eab3ecb392011648a8e829b951ed,0.0,0x0000000000000000000000000000000000000000,-7.388155125109074e+21
55,SEND-618b233087a5e65cdde167a11cd6c8ab52cc134b2df6879dff981eaac75fc29c,618b233087a5e65cdde167a11cd6c8ab52cc134b2df6879dff981eaac75fc29c,1616410428,SEND,27556884924589330403,27556884924589330403,0xcd91538b91b4ba7797d39a2f66e63810b50a33d0,7.174420301602505e+21,0xcfb464585241eab3ecb392011648a8e829b951ed,0.0
56,OTHER-8e84dd90b28aad93ab8d55839745c4b319e94f297c0932a045b0e98c115414d9,8e84dd90b28aad93ab8d55839745c4b319e94f297c0932a045b0e98c115414d9,1616386189,OTHER,,,0x,0.0,0x,0.0
57,WRAP-d98483d617bd46ac215bc8c3e6bf25b6c46f2eaf9e1dcc0743f8c7ae61d55389,d98483d617bd46ac215bc8c3e6bf25b6c46f2eaf9e1dcc0743f8c7ae61d55389,1616385760,WRAP,56034081249330887912,56034081249330887912,0x0000000000000000000000000000000000000000,-7.388155125109074e+21,0x09dbc4a902199bbe7f7ec29b3714731786f2e878,0.0
58,WRAP-09f33cdb4b8c1ff97f58f3a341c0d6af898dd7aed9edf3efd12e65f5704e5508,09f33cdb4b8c1ff97f58f3a341c0d6af898dd7aed9edf3efd12e65f5704e5508,1616376502,WRAP,99016350935505666,99016350935505666,0x0000000000000000000000000000000000000000,-7.388155125109074e+21,0x0e0c57ae65739394b405bc3afc5003be9f858fdb,0.0
59,WRAP-f8d9df88176f2bb08ab84dd212d76546a1a18b918efb7c8135edec133368fe2c,f8d9df88176f2bb08ab84dd212d76546a1a18b918efb7c8135edec133368fe2c,1616336902,WRAP,1983769134895222766,1983769134895222766,0x0000000000000000000000000000000000000000,-7.388155125109074e+21,0x2aa33413eaa4d1f43a78c36c8d00f6977bb06051,0.0
60,OTHER-ac14c0e03658403d5bfb98a9606f439dca55459f1e06a9b43a09e5777d94090d,ac14c0e03658403d5bfb98a9606f439dca55459f1e06a9b43a09e5777d94090d,1616336569,OTHER,,,0x,0.0,0x,0.0
61,WRAP-c63fa1932785698eafcff10908d501e741a37d4675b63802efd8fb99481986c4,c63fa1932785698eafcff10908d501e741a37d4675b63802efd8fb99481986c4,1616335980,WRAP,1485245264032584998,1485245264032584998,0x0000000000000000000000000000000000000000,-7.388155125109074e+21,0xfcfa4369eaa965ac4e36f1dd9fd2852c6542b0f7,0.0
62,OTHER-5ce0836b7b356415d86fcddc922331512e2f9293e54ac2b777a2ee5cec95c191,5ce0836b7b356415d86fcddc922331512e2f9293e54ac2b777a2ee5cec95c191,1616305224,OTHER,,,0x,0.0,0x,0.0
63,WRAP-399045ff80b7279d229cffd08d7b51ec6146e6aed14b3cc50f867e5a16daaf41,399045ff80b7279d229cffd08d7b51ec6146e6aed14b3cc50f867e5a16daaf41,1616305180,WRAP,593242957672528161682,593242957672528161682,0x0000000000000000000000000000000000000000,-7.388155125109074e+21,0x108a8b7200d044bbbe95bef6f671baec5473e05f,0.0
64,UNWRAP-1bbccfbf86a5fe0eb13c569d67d46d6017c1d6179ac4d47c9a5b03cdee750821,1bbccfbf86a5fe0eb13c569d67d46d6017c1d6179ac4d47c9a5b03cdee750821,1616285308,UNWRAP,990373076756548141,990373076756548141,0x92de28770ac97101d115be8cbfb3b45b94b2700f,0.0,0x0000000000000000000000000000000000000000,-7.388155125109074e+21
65,SEND-888d15c24a6245e23afc981b4478cf6be9aab097e7b433b752db7ba4e5c6547e,888d15c24a6245e23afc981b4478cf6be9aab097e7b433b752db7ba4e5c6547e,1616284276,SEND,990373076756548141,990373076756548141,0x0e0c57ae65739394b405bc3afc5003be9f858fdb,0.0,0x92de28770ac97101d115be8cbfb3b45b94b2700f,0.0
66,WRAP-ca9c7b34b1dec83fa22815d5943c0a0977a4bc92c36f935e244513c654c86a46,ca9c7b34b1dec83fa22815d5943c0a0977a4bc92c36f935e244513c654c86a46,1616283555,WRAP,990373076756548141,990373076756548141,0x0000000000000000000000000000000000000000,-7.388155125109074e+21,0x0e0c57ae65739394b405bc3afc5003be9f858fdb,0.0
67,OTHER-4690ee3e676627e7ec7aabf050bb681d9d42ddec315cf72e93546cd917048442,4690ee3e676627e7ec7aabf050bb681d9d42ddec315cf72e93546cd917048442,1616275680,OTHER,,,0x,0.0,0x,0.0
68,WRAP-3a55518afaa714a2ed6100d837fda18e2c9beb131214d482a1036dafb6dd7912,3a55518afaa714a2ed6100d837fda18e2c9beb131214d482a1036dafb6dd7912,1616275547,WRAP,50750181024164097,50750181024164097,0x0000000000000000000000000000000000000000,-7.388155125109074e+21,0xfc95c6e764575c96ca8cd03ee9d64c9e218655a3,0.0
69,UNWRAP-e47f8c2b736e84bf99cf4994d7258e670ca8b240004959531f58c1f79b77535e,e47f8c2b736e84bf99cf4994d7258e670ca8b240004959531f58c1f79b77535e,1616248156,UNWRAP,2035400666079984603,2035400666079984603,0xbcb4c8386c097589e7825aaeb9e7c6295835f1d6,0.0,0x0000000000000000000000000000000000000000,-7.388155125109074e+21
70,SEND-974322dfac1e0f7af66df35680906b7626eaff3185bfcdeb7f8fff21bd2d2e98,974322dfac1e0f7af66df35680906b7626eaff3185bfcdeb7f8fff21bd2d2e98,1616247817,SEND,2035400666079984603,2035400666079984603,0xcd91538b91b4ba7797d39a2f66e63810b50a33d0,7.174420301602505e+21,0xbcb4c8386c097589e7825aaeb9e7c6295835f1d6,0.0
71,OTHER-2fcd73b87e63e08485c814150d303b03d5feaa5e8169401d4380a8c40026c1ce,2fcd73b87e63e08485c814150d303b03d5feaa5e8169401d4380a8c40026c1ce,1616203134,OTHER,,,0x,0.0,0x,0.0
72,WRAP-c1b5cec916f154c5add1e5d776082fd27baec541b16e85e27a3b4f894cb2150e,c1b5cec916f154c5add1e5d776082fd27baec541b16e85e27a3b4f894cb2150e,1616202822,WRAP,101654366537971484119,101654366537971484119,0x0000000000000000000000000000000000000000,-7.388155125109074e+21,0x41bc7d0687e6cea57fa26da78379dfdc5627c56d,4.535346171872501e+16
73,SEND-335d397811d8e5b4cb071f79a0116e465d6b36f26a0a8cd54b45a669b8514ea0,335d397811d8e5b4cb071f79a0116e465d6b36f26a0a8cd54b45a669b8514ea0,1616187762,SEND,10000000000000,10000000000000,0xcd91538b91b4ba7797d39a2f66e63810b50a33d0,7.174420301602505e+21,0xe71ba8ec2fa3dc20de946b84ceaa243ae7ccf2fb,10000000000000.0
74,OTHER-46a0d1d3bba65ac909d4d0964b2b8a90b8d9e9150c6f49c030a5bdcb3200456b,46a0d1d3bba65ac909d4d0964b2b8a90b8d9e9150c6f49c030a5bdcb3200456b,1616186215,OTHER,,,0x,0.0,0x,0.0
75,WRAP-2f0076f25b5336bb4d8ef462f7ff9f5b0c1234b954788f4e1f24f62d80856997,2f0076f25b5336bb4d8ef462f7ff9f5b0c1234b954788f4e1f24f62d80856997,1616185742,WRAP,2035400666079984603,2035400666079984603,0x0000000000000000000000000000000000000000,-7.388155125109074e+21,0xbcb4c8386c097589e7825aaeb9e7c6295835f1d6,0.0
76,OTHER-cc7379558450b5128f53b81fcfa5829b1964aad9b472648677fd93134abefa43,cc7379558450b5128f53b81fcfa5829b1964aad9b472648677fd93134abefa43,1616183305,OTHER,,,0x,0.0,0x,0.0
77,WRAP-f638eec9515d2eb39b3f6a078aaaac648133d4a6bfea40981de0a6872e77c95d,f638eec9515d2eb39b3f6a078aaaac648133d4a6bfea40981de0a6872e77c95d,1616182807,WRAP,11226287448894692442,11226287448894692442,0x0000000000000000000000000000000000000000,-7.388155125109074e+21,0xf49d2bcc52f0b46a98204721f98ce9d4e6730bed,2635461747073631.0
78,UNWRAP-1f413205bbdd0600bb899cd147cdf5086a2bed1053406dccaa47409377bee0d5,1f413205bbdd0600bb899cd147cdf5086a2bed1053406dccaa47409377bee0d5,1616176095,UNWRAP,10000000000000000000,10000000000000000000,0x777999be819ffecee44a995560a9d0e97780a30c,1.0681569344553912e+19,0x0000000000000000000000000000000000000000,-7.388155125109074e+21
79,WRAP-df73d0b3f0f7b822ded41e99067459bce5a36d449c1cab7ef8645ccc6e26d80f,df73d0b3f0f7b822ded41e99067459bce5a36d449c1cab7ef8645ccc6e26d80f,1616175801,WRAP,11766318840482008008,11766318840482008008,0x0000000000000000000000000000000000000000,-7.388155125109074e+21,0x777999be819ffecee44a995560a9d0e97780a30c,1.0681569344553912e+19
80,WRAP-505873f9b57030db6092081e2d5303f7156e4ab2eedd79fb173042e27a0c8e7a,505873f9b57030db6092081e2d5303f7156e4ab2eedd79fb173042e27a0c8e7a,1616175135,WRAP,8915250504071904830,8915250504071904830,0x0000000000000000000000000000000000000000,-7.388155125109074e+21,0x777999be819ffecee44a995560a9d0e97780a30c,1.0681569344553912e+19
81,OTHER-eee79716d4aa05c59ad96757752c2ab3c56b1c8f5fabe0e037b92f875c811880,eee79716d4aa05c59ad96757752c2ab3c56b1c8f5fabe0e037b92f875c811880,1616148343,OTHER,,,0x,0.0,0x,0.0
82,WRAP-700a4dc57ea8f0956903723e6ab2e8009bf90cfd36d538ec39dd8804ec694d47,700a4dc57ea8f0956903723e6ab2e8009bf90cfd36d538ec39dd8804ec694d47,1616148226,WRAP,65735008824924401730,65735008824924401730,0x0000000000000000000000000000000000000000,-7.388155125109074e+21,0xb6af7c04f67b5eb61f0dc7ac4a760888ec3e3887,0.0
83,UNWRAP-bbf01701709780cbc4cae6f63e499ff2ef38733441ba0892bdb34778c749ed6b,bbf01701709780cbc4cae6f63e499ff2ef38733441ba0892bdb34778c749ed6b,1616109592,UNWRAP,8137367411080863761,8137367411080863761,0x3a9c7db0cb65e9318aa082d5ea83e327ab9fcd76,0.0,0x0000000000000000000000000000000000000000,-7.388155125109074e+21
84,SEND-c39874449ab6c3d03582e98d0166eafd9ba33e381bd3c3d7fc31d3066233e09b,c39874449ab6c3d03582e98d0166eafd9ba33e381bd3c3d7fc31d3066233e09b,1616108986,SEND,8137367411080863761,8137367411080863761,0xcd91538b91b4ba7797d39a2f66e63810b50a33d0,7.174420301602505e+21,0x3a9c7db0cb65e9318aa082d5ea83e327ab9fcd76,0.0
85,OTHER-6f0433e5929a8b3ef9b79e21313bbb7a09deb74b357db3042e5850b81014f49e,6f0433e5929a8b3ef9b79e21313bbb7a09deb74b357db3042e5850b81014f49e,1616108653,OTHER,,,0x,0.0,0x,0.0
86,WRAP-0589881afc32e7be78486f84134a1fbe5f221e22312dbaf7b4dac36ba0860400,0589881afc32e7be78486f84134a1fbe5f221e22312dbaf7b4dac36ba0860400,1616108029,WRAP,8137367411080863761,8137367411080863761,0x0000000000000000000000000000000000000000,-7.388155125109074e+21,0x3a9c7db0cb65e9318aa082d5ea83e327ab9fcd76,0.0
87,OTHER-a12ed1b7250480668774e9f8bdf47bafcf0970504af6bb432c32864438911c0c,a12ed1b7250480668774e9f8bdf47bafcf0970504af6bb432c32864438911c0c,1616091925,OTHER,,,0x,0.0,0x,0.0
88,WRAP-9913f9c338c64f66bd413c9e6d9f18fb485123ca1fa5a7dbc526a7e7a50db07c,9913f9c338c64f66bd413c9e6d9f18fb485123ca1fa5a7dbc526a7e7a50db07c,1616091694,WRAP,3890119014745702939,3890119014745702939,0x0000000000000000000000000000000000000000,-7.388155125109074e+21,0xfe62145b68ae16b59f88c121651a9019f13f3653,0.0
89,OTHER-bb8c28b04fb398f464deb0d93f5a1b7afa14cdf3981e39f22319ad59b0d13f62,bb8c28b04fb398f464deb0d93f5a1b7afa14cdf3981e39f22319ad59b0d13f62,1616090994,OTHER,,,0x,0.0,0x,0.0
90,WRAP-4f6745941ca383f13591f10e55bc569a36b53b9a9ec27d1a2ab7d0a20ef29e35,4f6745941ca383f13591f10e55bc569a36b53b9a9ec27d1a2ab7d0a20ef29e35,1616084802,WRAP,721292961469233678,721292961469233678,0x0000000000000000000000000000000000000000,-7.388155125109074e+21,0x453695ebaebcb111049f12ea440733ae3f863e14,0.0
91,OTHER-573e14afa0064b99355cbf2fedd279b02f86903e65593c752cef3d6c9ddb187f,573e14afa0064b99355cbf2fedd279b02f86903e65593c752cef3d6c9ddb187f,1616072054,OTHER,,,0x,0.0,0x,0.0
92,WRAP-2bee9283424668f97cbac32a8c8e784abdb6432eb7ce05646ece179a84279e07,2bee9283424668f97cbac32a8c8e784abdb6432eb7ce05646ece179a84279e07,1616058522,WRAP,198278189710484458,198278189710484458,0x0000000000000000000000000000000000000000,-7.388155125109074e+21,0xfcfa4369eaa965ac4e36f1dd9fd2852c6542b0f7,0.0
93,OTHER-9292b032aab1192b6e00e3dbc7cfb0ce2014e2a4da9bcb8c5624177f91bb1b70,9292b032aab1192b6e00e3dbc7cfb0ce2014e2a4da9bcb8c5624177f91bb1b70,1616044844,OTHER,,,0x,0.0,0x,0.0
94,WRAP-3c3aeac0900f4ae7a0d41805b7dc7bb52d3e33cd4cd43152f51b20967b5299a3,3c3aeac0900f4ae7a0d41805b7dc7bb52d3e33cd4cd43152f51b20967b5299a3,1616044503,WRAP,4956954742762111487,4956954742762111487,0x0000000000000000000000000000000000000000,-7.388155125109074e+21,0xd7c7eff84dcf4a129941374d9c29244021b7125e,0.0
95,UNWRAP-957264bdb65b78d1284ab9e1b1c63518757b9d85bc77c269ee4153c2d349455d,957264bdb65b78d1284ab9e1b1c63518757b9d85bc77c269ee4153c2d349455d,1616003064,UNWRAP,148912067487934725786,148912067487934725786,0x0ae3e9b076f0fa63a818e73e6b44231908629a9e,0.0,0x0000000000000000000000000000000000000000,-7.388155125109074e+21
96,SEND-1d9b099ed87c3bd6aee23eee2127b7f12cecae89ed715745698092e0542a1766,1d9b099ed87c3bd6aee23eee2127b7f12cecae89ed715745698092e0542a1766,1616002978,SEND,148910000000000000000,148910000000000000000,0xcd91538b91b4ba7797d39a2f66e63810b50a33d0,7.174420301602505e+21,0x0ae3e9b076f0fa63a818e73e6b44231908629a9e,0.0
97,OTHER-2406da8bad369e98ffc456eb452b4f8a9e86bb5c6f51366fe3c61219caf82152,2406da8bad369e98ffc456eb452b4f8a9e86bb5c6f51366fe3c61219caf82152,1615932242,OTHER,,,0x,0.0,0x,0.0
98,WRAP-2d00dfbd48b4eebbe8cc11aa3aaeb4892e06d7fe1b0d81829528a6d05cbbc621,2d00dfbd48b4eebbe8cc11aa3aaeb4892e06d7fe1b0d81829528a6d05cbbc621,1615932034,WRAP,31724510353677513519,31724510353677513519,0x0000000000000000000000000000000000000000,-7.388155125109074e+21,0x7d4c4d5380ca2f9c7a091bb622b80613da7eae8c,3.1724510353677513e+19
99,OTHER-432f40349f596b1c72d0b1a7c4d92572b295d8a7f2d11c471175d202a7e1c6d9,432f40349f596b1c72d0b1a7c4d92572b295d8a7f2d11c471175d202a7e1c6d9,1615911126,OTHER,,,0x,0.0,0x,0.0
100,WRAP-91c78279bd5b60d8d5869ba9068e8a7bc102635ef84ca21062920d704ea58062,91c78279bd5b60d8d5869ba9068e8a7bc102635ef84ca21062920d704ea58062,1615910924,WRAP,30449067278892098199,30449067278892098199,0x0000000000000000000000000000000000000000,-7.388155125109074e+21,0xaea4643974959ac41749202f759c3d24f8c9b5e5,0.0
101,OTHER-1f572b44fd410836a63c40b5bfb6e4bc7fe63e9aab15d662b5be98f6dad0ca5f,1f572b44fd410836a63c40b5bfb6e4bc7fe63e9aab15d662b5be98f6dad0ca5f,1615898988,OTHER,,,0x,0.0,0x,0.0
102,WRAP-ee8c0690b86a6a1e92d19db0cc12b0646584df00f8774ff644f75af8d4434a8d,ee8c0690b86a6a1e92d19db0cc12b0646584df00f8774ff644f75af8d4434a8d,1615898702,WRAP,6090083422036585376,6090083422036585376,0x0000000000000000000000000000000000000000,-7.388155125109074e+21,0xa0d79aa4c2191768130d8a6645e7d0cfd4f1dbd9,0.0
103,UNWRAP-678c5e28bb05883dd069280b68a6c7a05556c0dd822b98999ce76b2e392265ff,678c5e28bb05883dd069280b68a6c7a05556c0dd822b98999ce76b2e392265ff,1615862605,UNWRAP,19358558773431514351,19358558773431514351,0xe71ba8ec2fa3dc20de946b84ceaa243ae7ccf2fb,10000000000000.0,0x0000000000000000000000000000000000000000,-7.388155125109074e+21
104,SEND-301ceac235a406d11f41dd69db07842e742e59bec17dcfae2610da3a88885e41,301ceac235a406d11f41dd69db07842e742e59bec17dcfae2610da3a88885e41,1615862433,SEND,19358558773431514351,19358558773431514351,0xcd91538b91b4ba7797d39a2f66e63810b50a33d0,7.174420301602505e+21,0xe71ba8ec2fa3dc20de946b84ceaa243ae7ccf2fb,10000000000000.0
105,UNWRAP-1cb98119a9c4c1d8f1ede325b43665eb134c6fd1bac5339af4b76c14c2b044f8,1cb98119a9c4c1d8f1ede325b43665eb134c6fd1bac5339af4b76c14c2b044f8,1615737021,UNWRAP,9927471165862315052,9927471165862315052,0x32254b28f793cc18b3575c86c61fe3d7421cbbef,0.0,0x0000000000000000000000000000000000000000,-7.388155125109074e+21
106,OTHER-82fff6b57bf00836bca286431d4f2e573abff58a8797c48651e9441dcba247ff,82fff6b57bf00836bca286431d4f2e573abff58a8797c48651e9441dcba247ff,1615622381,OTHER,,,0x,0.0,0x,0.0
107,WRAP-09e8d6cc8a9b5dd8948291a2f272cfcc8ac1ab31a88b16890d0da21e0c4e680f,09e8d6cc8a9b5dd8948291a2f272cfcc8ac1ab31a88b16890d0da21e0c4e680f,1615621937,WRAP,41317178335163947386,41317178335163947386,0x0000000000000000000000000000000000000000,-7.388155125109074e+21,0xe69a49f8f9c1d66fefa66dfb61155c06606986d1,0.0
108,OTHER-e0be6a3233def56098fe2c0505cc2a693e385c3a2600762cdadac88ba857bced,e0be6a3233def56098fe2c0505cc2a693e385c3a2600762cdadac88ba857bced,1615565843,OTHER,,,0x,0.0,0x,0.0
109,WRAP-e6e8623b799d095ebce3b9706b9863afb3091c076e9b5ae4ff71f4010d70691f,e6e8623b799d095ebce3b9706b9863afb3091c076e9b5ae4ff71f4010d70691f,1615565412,WRAP,4073094661671945431,4073094661671945431,0x0000000000000000000000000000000000000000,-7.388155125109074e+21,0xa0d79aa4c2191768130d8a6645e7d0cfd4f1dbd9,0.0
110,OTHER-6f414a2b7238654d0dc501fa0a92543531d79b216e840485e89fdd217fbea279,6f414a2b7238654d0dc501fa0a92543531d79b216e840485e89fdd217fbea279,1615563663,OTHER,,,0x,0.0,0x,0.0
111,WRAP-a7c3c5925d76d1f405b9880b0cc6c0b465c9bb645f597a1dbc362e5b2cfea4ca,a7c3c5925d76d1f405b9880b0cc6c0b465c9bb645f597a1dbc362e5b2cfea4ca,1615563282,WRAP,5091416559539099929,5091416559539099929,0x0000000000000000000000000000000000000000,-7.388155125109074e+21,0xa0d79aa4c2191768130d8a6645e7d0cfd4f1dbd9,0.0
112,OTHER-4544dfbd0c0659cbed801ff0b1a0481e74b9bc992a57e1d17e6b4b3a1da72ebb,4544dfbd0c0659cbed801ff0b1a0481e74b9bc992a57e1d17e6b4b3a1da72ebb,1615557714,OTHER,,,0x,0.0,0x,0.0
113,WRAP-586696f1fb5f067a44ee21b70822395a7de08b51d62ca3c778d377600b8b698d,586696f1fb5f067a44ee21b70822395a7de08b51d62ca3c778d377600b8b698d,1615557572,WRAP,582318975167166218270,582318975167166218270,0x0000000000000000000000000000000000000000,-7.388155125109074e+21,0xb6af7c04f67b5eb61f0dc7ac4a760888ec3e3887,0.0
114,OTHER-fcedc151728da7986d9ac47dc93f4b61a5c74b56b0930872d18d31fee27c9b0c,fcedc151728da7986d9ac47dc93f4b61a5c74b56b0930872d18d31fee27c9b0c,1615538677,OTHER,,,0x,0.0,0x,0.0
115,WRAP-c269c61ed88732edfbfb6d01d241970b5973c4a77f61d54cc9412311b3b97a00,c269c61ed88732edfbfb6d01d241970b5973c4a77f61d54cc9412311b3b97a00,1615538149,WRAP,13325488373494414416,13325488373494414416,0x0000000000000000000000000000000000000000,-7.388155125109074e+21,0xab912f5e8fd03e5d0da7f3f1bc8f3fd3b027b0f8,0.0
116,WRAP-4bbe9de37609198631ca1adf710a1e1a323dd859b4efd8620bd27cf393d5c391,4bbe9de37609198631ca1adf710a1e1a323dd859b4efd8620bd27cf393d5c391,1615531454,WRAP,19858106620620706373,19858106620620706373,0x0000000000000000000000000000000000000000,-7.388155125109074e+21,0x2bd9b535e16a1ca0959f93ce8ee4ef08573e6a2e,0.0
117,SEND-124e7c4be19cee9b4f951ecdd80f4b717fd1c9ac4a770d35fe6019a3e0699d53,124e7c4be19cee9b4f951ecdd80f4b717fd1c9ac4a770d35fe6019a3e0699d53,1615475046,SEND,17611235766117448,17611235766117448,0x1c4203db716a122aff5120203268113e8b471f0e,0.0,0x4a26cb22d798ea53afe02d00ea29b849d6044ee3,0.0
118,WRAP-339001dd14f72e3d5858b0e377b09eaeefac338b33bdb9c19e3151164f345679,339001dd14f72e3d5858b0e377b09eaeefac338b33bdb9c19e3151164f345679,1615474873,WRAP,157859707177197595,157859707177197595,0x0000000000000000000000000000000000000000,-7.388155125109074e+21,0xc0feeab66b812623c5c0f446e5d5a8cf8e29638d,0.0
119,UNWRAP-ac26ce0f603d42811550193f723b0cafc0d455c57f074971c664fe79ac9a2d44,ac26ce0f603d42811550193f723b0cafc0d455c57f074971c664fe79ac9a2d44,1615461660,UNWRAP,80908890000000000000,80908890000000000000,0xfccba075a3f25208439e8f1a9e00a87fb861e248,1777867677.0,0x0000000000000000000000000000000000000000,-7.388155125109074e+21
120,SEND-615e112b4fea3d2407283dabd7b1f874005f3c920bb2c1e900bb2515f459b689,615e112b4fea3d2407283dabd7b1f874005f3c920bb2c1e900bb2515f459b689,1615461559,SEND,80900000000000000000,80900000000000000000,0xcd91538b91b4ba7797d39a2f66e63810b50a33d0,7.174420301602505e+21,0xfccba075a3f25208439e8f1a9e00a87fb861e248,1777867677.0
121,WRAP-15a74f5e39dacd5de032d676b203e8ca12ea34712af08dd5f18358f2e3ee56b4,15a74f5e39dacd5de032d676b203e8ca12ea34712af08dd5f18358f2e3ee56b4,1615447275,WRAP,9925354740841883,9925354740841883,0x0000000000000000000000000000000000000000,-7.388155125109074e+21,0xb762437d8d9d0614988b5071867ae7e836705e7c,0.0
122,OTHER-5040756dc6283ebfe1584c9fcb369eb2efefd9631181ad2373d2c728cd4a8721,5040756dc6283ebfe1584c9fcb369eb2efefd9631181ad2373d2c728cd4a8721,1615428836,OTHER,,,0x,0.0,0x,0.0
123,WRAP-4d5a1fb4fef673a4bac3f272d6d8e9c9714875b57e0dc7fd3fd363481eaad166,4d5a1fb4fef673a4bac3f272d6d8e9c9714875b57e0dc7fd3fd363481eaad166,1615428579,WRAP,2088932837782968508,2088932837782968508,0x0000000000000000000000000000000000000000,-7.388155125109074e+21,0xa1c6bf9a94e603c0c7e0559a9bbe6329137239f7,0.0
124,WRAP-2555de87c67f155703a168670dcaf7dab5e355c11b5292fda2e0d59d18f33e27,2555de87c67f155703a168670dcaf7dab5e355c11b5292fda2e0d59d18f33e27,1615417428,WRAP,12287589169162252282,12287589169162252282,0x0000000000000000000000000000000000000000,-7.388155125109074e+21,0xdef090607c0628eb1c36be11038e68e0d34d44d5,0.0
125,OTHER-e43011cd03c5d050cc8785cf0cef1e034f9ee74e2e971f1580aed838bfa28cc5,e43011cd03c5d050cc8785cf0cef1e034f9ee74e2e971f1580aed838bfa28cc5,1615412831,OTHER,,,0x,0.0,0x,0.0
126,WRAP-856ca36a67aa5aa308ec022890de031bbf853ed887c8dbfe54147c0f27c03284,856ca36a67aa5aa308ec022890de031bbf853ed887c8dbfe54147c0f27c03284,1615412688,WRAP,1663919222425378197,1663919222425378197,0x0000000000000000000000000000000000000000,-7.388155125109074e+21,0xfe62145b68ae16b59f88c121651a9019f13f3653,0.0
127,OTHER-433f4f00be27a0422619b6be8512ac8ca698552d586f88c84d65be7649a06bcf,433f4f00be27a0422619b6be8512ac8ca698552d586f88c84d65be7649a06bcf,1615412516,OTHER,,,0x,0.0,0x,0.0
128,UNWRAP-3a8c5729c52892a09eb73842e9700cac612972b634e70ab09189a15cb251bb6e,3a8c5729c52892a09eb73842e9700cac612972b634e70ab09189a15cb251bb6e,1615409580,UNWRAP,1389000000000000000,1389000000000000000,0x736dde3e0f5c588ddc53ad7f0f65667c0cca2801,549663717863747.0,0x0000000000000000000000000000000000000000,-7.388155125109074e+21
129,OTHER-1064ed6e7148e1347c6cac5fbb62aa2fb5bcd3c3a9b1017ca0659b31a6603102,1064ed6e7148e1347c6cac5fbb62aa2fb5bcd3c3a9b1017ca0659b31a6603102,1615408162,OTHER,,,0x,0.0,0x,0.0
130,WRAP-8571bd1eb4047a868ee2f16386641e0eee5b056286032fa45052a19e93c0b2fe,8571bd1eb4047a868ee2f16386641e0eee5b056286032fa45052a19e93c0b2fe,1615408029,WRAP,258059223261888981695,258059223261888981695,0x0000000000000000000000000000000000000000,-7.388155125109074e+21,0xb6af7c04f67b5eb61f0dc7ac4a760888ec3e3887,0.0
131,UNWRAP-6b5175b1510ffe65495fa1346007b825af2f9fd66d0753f1570932e8f183f03e,6b5175b1510ffe65495fa1346007b825af2f9fd66d0753f1570932e8f183f03e,1615399822,UNWRAP,153070000000000000000,153070000000000000000,0xadeeb9d09b8bcee10943198fb6f6a4229bab3675,7038740860601443.0,0x0000000000000000000000000000000000000000,-7.388155125109074e+21
132,OTHER-332d52d0865c344131ac78d3fa9cdbbd7d033230b58c6c49443057cb2d3444bf,332d52d0865c344131ac78d3fa9cdbbd7d033230b58c6c49443057cb2d3444bf,1615398817,OTHER,,,0x,0.0,0x,0.0
133,WRAP-a6ad62cfedee58503001308479807dcae883b8b64b2766f03dc0e6f095f3ec6a,a6ad62cfedee58503001308479807dcae883b8b64b2766f03dc0e6f095f3ec6a,1615398474,WRAP,9925354740841883910,9925354740841883910,0x0000000000000000000000000000000000000000,-7.388155125109074e+21,0x62a32ea089109e7b8f0fe29d839736ddb0c753f6,7890214926072301.0
134,OTHER-0468b4800b4eed164715ff55e1478de465f9195b64bf66a516fe787ed8dc2918,0468b4800b4eed164715ff55e1478de465f9195b64bf66a516fe787ed8dc2918,1615396959,OTHER,,,0x,0.0,0x,0.0
135,WRAP-fd7a5bd2f263b59879b6b61b71e39344071147262598b44db95b131254a3bc89,fd7a5bd2f263b59879b6b61b71e39344071147262598b44db95b131254a3bc89,1615396885,WRAP,992535474084188391,992535474084188391,0x0000000000000000000000000000000000000000,-7.388155125109074e+21,0x62a32ea089109e7b8f0fe29d839736ddb0c753f6,7890214926072301.0
136,WRAP-bda82e47b2bcbe55655dc88c3f95b43e9cd230c22f1a1adf8b8bca1ad523b258,bda82e47b2bcbe55655dc88c3f95b43e9cd230c22f1a1adf8b8bca1ad523b258,1615393158,WRAP,1389549663717863747,1389549663717863747,0x0000000000000000000000000000000000000000,-7.388155125109074e+21,0x736dde3e0f5c588ddc53ad7f0f65667c0cca2801,549663717863747.0
137,SEND-cffe3776d754e31100fc9e8b4a1b5c7535072dea738fa5860b0c65eab89dc7ed,cffe3776d754e31100fc9e8b4a1b5c7535072dea738fa5860b0c65eab89dc7ed,1615391529,SEND,153077038740860601443,153077038740860601443,0xcd91538b91b4ba7797d39a2f66e63810b50a33d0,7.174420301602505e+21,0xadeeb9d09b8bcee10943198fb6f6a4229bab3675,7038740860601443.0
138,OTHER-fe7df7e9ebba35639d21ffe0dec3921d5dc779d4a0010db8709b93b0ec42f486,fe7df7e9ebba35639d21ffe0dec3921d5dc779d4a0010db8709b93b0ec42f486,1615389188,OTHER,,,0x,0.0,0x,0.0
139,OTHER-8c39abc2144e013fd60c262db6d9cfca124cae0ab6c47099c1d8516995eed873,8c39abc2144e013fd60c262db6d9cfca124cae0ab6c47099c1d8516995eed873,1615385413,OTHER,,,0x,0.0,0x,0.0
140,OTHER-4de59fc20b3354345388963c874c9c4eaeb1da6fcacb607bb00c80087c5c531f,4de59fc20b3354345388963c874c9c4eaeb1da6fcacb607bb00c80087c5c531f,1615380158,OTHER,,,0x,0.0,0x,0.0
141,WRAP-da04207cf92746bdf8f5018095f5411e550190d7e1b29f273fe8ab6ce0efe358,da04207cf92746bdf8f5018095f5411e550190d7e1b29f273fe8ab6ce0efe358,1615379909,WRAP,21835780429852144605,21835780429852144605,0x0000000000000000000000000000000000000000,-7.388155125109074e+21,0x11d0cb5c690bc838efc52c621f6b48040dd000f7,0.0
142,OTHER-af45f3f54694324d05a7661f00f654c032941271962f3d4d75928a97e06e4639,af45f3f54694324d05a7661f00f654c032941271962f3d4d75928a97e06e4639,1615377758,OTHER,,,0x,0.0,0x,0.0
143,WRAP-48ed859a1db18d4803705a17e41afa6c7e3a674c9cfc154918f97197d25189c5,48ed859a1db18d4803705a17e41afa6c7e3a674c9cfc154918f97197d25189c5,1615376818,WRAP,74440160556314129335,74440160556314129335,0x0000000000000000000000000000000000000000,-7.388155125109074e+21,0xe69a49f8f9c1d66fefa66dfb61155c06606986d1,0.0
144,OTHER-09583f73a0bb2899a8e2aeba8866e9b1cab8c8e7b49331116e7ac938205502ef,09583f73a0bb2899a8e2aeba8866e9b1cab8c8e7b49331116e7ac938205502ef,1615366944,OTHER,,,0x,0.0,0x,0.0
145,WRAP-5cba9a86050b8079487aa8609332c896c130ae2e53e2ff032da0a2d0abb28462,5cba9a86050b8079487aa8609332c896c130ae2e53e2ff032da0a2d0abb28462,1615366721,WRAP,2046535692471988316,2046535692471988316,0x0000000000000000000000000000000000000000,-7.388155125109074e+21,0xfe62145b68ae16b59f88c121651a9019f13f3653,0.0
146,WRAP-7016145b0e5680019223d7362c342154a1c046ddd797c167d9c71189b0cd1391,7016145b0e5680019223d7362c342154a1c046ddd797c167d9c71189b0cd1391,1615365667,WRAP,4461711962980007296,4461711962980007296,0x0000000000000000000000000000000000000000,-7.388155125109074e+21,0xfe62145b68ae16b59f88c121651a9019f13f3653,0.0
147,WRAP-cf51ac1ba052497aba7e1b6b158375300eb96520cfbb531aa644832e680602d1,cf51ac1ba052497aba7e1b6b158375300eb96520cfbb531aa644832e680602d1,1615361539,WRAP,4962677370420941955,4962677370420941955,0x0000000000000000000000000000000000000000,-7.388155125109074e+21,0x076837813bc7f53e4bcd21b0bcc92e988af3a2c3,0.0
148,WRAP-fc3975f61027a0a54097794bd81787b583b47de8bc8d43187cbf343eda48dfa9,fc3975f61027a0a54097794bd81787b583b47de8bc8d43187cbf343eda48dfa9,1615336758,WRAP,2977606422252565173,2977606422252565173,0x0000000000000000000000000000000000000000,-7.388155125109074e+21,0xa6b145df1e62e0fa0296b7e3f583415ae72f7c14,0.0
149,OTHER-c32a36744b7b1f909ad99cbe21a554df079a9f430c3986520a9e476950c03edd,c32a36744b7b1f909ad99cbe21a554df079a9f430c3986520a9e476950c03edd,1615335049,OTHER,,,0x,0.0,0x,0.0
150,WRAP-3d1e70c6ddcbc7906c69badd20dfd73d0b2575f75ec95fc23abe865115055a50,3d1e70c6ddcbc7906c69badd20dfd73d0b2575f75ec95fc23abe865115055a50,1615334839,WRAP,27562710115317911621,27562710115317911621,0x0000000000000000000000000000000000000000,-7.388155125109074e+21,0x16f037a3ddf53da1b047a926e1833219f0a8e1fc,0.0
151,SEND-37806af6f61fb634a1c41cc97ebe84314198e6992ea21e2be912bf04815934b2,37806af6f61fb634a1c41cc97ebe84314198e6992ea21e2be912bf04815934b2,1615329755,SEND,9927471165862315052,9927471165862315052,0xcd91538b91b4ba7797d39a2f66e63810b50a33d0,7.174420301602505e+21,0x32254b28f793cc18b3575c86c61fe3d7421cbbef,0.0
152,OTHER-16824a9dfb26e56435e24f4e75bdb343617d21ce60b055bf56c112fa3ea42073,16824a9dfb26e56435e24f4e75bdb343617d21ce60b055bf56c112fa3ea42073,1615329118,OTHER,,,0x,0.0,0x,0.0
153,OTHER-e5082ec037e0d34068618ebdff1a331633beaa07f57b087afbefeb1283e5d61b,e5082ec037e0d34068618ebdff1a331633beaa07f57b087afbefeb1283e5d61b,1615307730,OTHER,,,0x,0.0,0x,0.0
154,OTHER-b8150bd9a7dd59d8fa84885e75e2080d2ba4fce4ac6957b3369c01fef980b0c0,b8150bd9a7dd59d8fa84885e75e2080d2ba4fce4ac6957b3369c01fef980b0c0,1615306941,OTHER,,,0x,0.0,0x,0.0
155,WRAP-1006275248c5208c016a62158135ea648b94ac06f6e0f4667ceca65c9d31e6a9,1006275248c5208c016a62158135ea648b94ac06f6e0f4667ceca65c9d31e6a9,1615306652,WRAP,85857866822602146806,85857866822602146806,0x0000000000000000000000000000000000000000,-7.388155125109074e+21,0x41bc7d0687e6cea57fa26da78379dfdc5627c56d,4.535346171872501e+16
156,WRAP-11d217da0c359e64accbdf99239e888712c09f0ce12ba170ca03be6bca029df1,11d217da0c359e64accbdf99239e888712c09f0ce12ba170ca03be6bca029df1,1615306380,WRAP,1970182916057113956,1970182916057113956,0x0000000000000000000000000000000000000000,-7.388155125109074e+21,0x653325afdb00dd741fee25a694467eba17e8e93d,182916057113956.0
157,UNWRAP-fc33056c56e91e2b51576a05ff77dd75fd3fb1f6d73c0db8ea2b5713996e26cb,fc33056c56e91e2b51576a05ff77dd75fd3fb1f6d73c0db8ea2b5713996e26cb,1615305750,UNWRAP,300000000000000000,300000000000000000,0x1c4203db716a122aff5120203268113e8b471f0e,0.0,0x0000000000000000000000000000000000000000,-7.388155125109074e+21
158,WRAP-e1ebd39b07c74fafb41358199b414cb58e3a1f47b4069f43dc9c7315a75b9c3f,e1ebd39b07c74fafb41358199b414cb58e3a1f47b4069f43dc9c7315a75b9c3f,1615305659,WRAP,317611351706940285,317611351706940285,0x0000000000000000000000000000000000000000,-7.388155125109074e+21,0x1c4203db716a122aff5120203268113e8b471f0e,0.0
159,UNWRAP-45532af28ae21ad795e9db710a611b48fa4cfddb903bfdce398bca4e2b004604,45532af28ae21ad795e9db710a611b48fa4cfddb903bfdce398bca4e2b004604,1615305659,UNWRAP,42360422000000000000,42360422000000000000,0x1c4203db716a122aff5120203268113e8b471f0e,0.0,0x0000000000000000000000000000000000000000,-7.388155125109074e+21
160,WRAP-2699e487813f02d13bb24b37c3a1cf89351b1474eef47cc2a0faef68f4d0d948,2699e487813f02d13bb24b37c3a1cf89351b1474eef47cc2a0faef68f4d0d948,1615305278,WRAP,42360421498439076345,42360421498439076345,0x0000000000000000000000000000000000000000,-7.388155125109074e+21,0x1c4203db716a122aff5120203268113e8b471f0e,0.0
161,UNWRAP-f714de35967786f51befc69c7da9284f266ef7e01a8812d415e8433fa0fc8a19,f714de35967786f51befc69c7da9284f266ef7e01a8812d415e8433fa0fc8a19,1615304892,UNWRAP,992535000000000000,992535000000000000,0x1e9112601f9fa78e978c660d1b68071a3c332500,474084188391.0,0x0000000000000000000000000000000000000000,-7.388155125109074e+21
162,SEND-1335e73ed33cea0ac0e2364b40f53f4ab3e6ad346bd17b46d974e1913354a8d0,1335e73ed33cea0ac0e2364b40f53f4ab3e6ad346bd17b46d974e1913354a8d0,1615304835,SEND,992510000000000000,992510000000000000,0xcd91538b91b4ba7797d39a2f66e63810b50a33d0,7.174420301602505e+21,0x1e9112601f9fa78e978c660d1b68071a3c332500,474084188391.0
163,UNWRAP-05aa25589fe85232d0e03ab84ea21ae38ca173a2a7821d662f1600e21c4a1820,05aa25589fe85232d0e03ab84ea21ae38ca173a2a7821d662f1600e21c4a1820,1615304578,UNWRAP,42679025000000000000,42679025000000000000,0x1c4203db716a122aff5120203268113e8b471f0e,0.0,0x0000000000000000000000000000000000000000,-7.388155125109074e+21
164,OTHER-3c7d1958dd4313bb23439ac309412a8834e26d3ee9ae020d03ee77d7bf667d31,3c7d1958dd4313bb23439ac309412a8834e26d3ee9ae020d03ee77d7bf667d31,1615304571,OTHER,,,0x,0.0,0x,0.0
165,SEND-0d0c21db566dc665cee5b6f5c16a618552b660c5594105c8e191512cfe1c4881,0d0c21db566dc665cee5b6f5c16a618552b660c5594105c8e191512cfe1c4881,1615304511,SEND,42679025385620100818,42679025385620100818,0xcd91538b91b4ba7797d39a2f66e63810b50a33d0,7.174420301602505e+21,0x1c4203db716a122aff5120203268113e8b471f0e,0.0
166,OTHER-565b81d89e7604b591a4817a7c3c24799f5dd28df391d1e051cc6a833c14b70b,565b81d89e7604b591a4817a7c3c24799f5dd28df391d1e051cc6a833c14b70b,1615304242,OTHER,,,0x,0.0,0x,0.0
167,WRAP-02761fbe85f1ff4821732e86eabff77810c35faa03222f835127471d20368bcb,02761fbe85f1ff4821732e86eabff77810c35faa03222f835127471d20368bcb,1615304041,WRAP,40693954437451724036,40693954437451724036,0x0000000000000000000000000000000000000000,-7.388155125109074e+21,0x41bc7d0687e6cea57fa26da78379dfdc5627c56d,4.535346171872501e+16
168,OTHER-aa3cf69cd431e250dc543832b7361f488639eafa9ee81f9a6c389a30c6dbfd5c,aa3cf69cd431e250dc543832b7361f488639eafa9ee81f9a6c389a30c6dbfd5c,1615302063,OTHER,,,0x,0.0,0x,0.0
169,OTHER-f8377367d88de93304d2091749006456e7a45363b92789904322153edc4ec3e9,f8377367d88de93304d2091749006456e7a45363b92789904322153edc4ec3e9,1615301972,OTHER,,,0x,0.0,0x,0.0
170,WRAP-bf89c46203efd23dbe41401441983e21a195474203586835afc3914c150ec8a8,bf89c46203efd23dbe41401441983e21a195474203586835afc3914c150ec8a8,1615301960,WRAP,50619309178293607,50619309178293607,0x0000000000000000000000000000000000000000,-7.388155125109074e+21,0xe57e2c5d7b0a4f6e3419e586dbc89195943d6c78,0.0
171,WRAP-3518d2a1165322c68f0090b2b35a8ebfc93bf6a36247472931dba51abe6c80e5,3518d2a1165322c68f0090b2b35a8ebfc93bf6a36247472931dba51abe6c80e5,1615301864,WRAP,7940283792673507129,7940283792673507129,0x0000000000000000000000000000000000000000,-7.388155125109074e+21,0x1c4203db716a122aff5120203268113e8b471f0e,0.0
172,OTHER-e8e0dbca712001d69ff7e26bfab10a4bc2488a696a7102800d4d181a34a205ec,e8e0dbca712001d69ff7e26bfab10a4bc2488a696a7102800d4d181a34a205ec,1615301696,OTHER,,,0x,0.0,0x,0.0
173,WRAP-86a49f4fb32574135a5053c511a0392e2a7c1dc1b082c4c79262e0e7b25751e3,86a49f4fb32574135a5053c511a0392e2a7c1dc1b082c4c79262e0e7b25751e3,1615301689,WRAP,992535474084188391,992535474084188391,0x0000000000000000000000000000000000000000,-7.388155125109074e+21,0x1e9112601f9fa78e978c660d1b68071a3c332500,474084188391.0
174,OTHER-1275c768c995bde72901483c97c02d4c03bf569f0a8685b4f43aab93dfdcef91,1275c768c995bde72901483c97c02d4c03bf569f0a8685b4f43aab93dfdcef91,1615301461,OTHER,,,0x,0.0,0x,0.0
175,WRAP-c8e2e42f4c5ba30c57916dd2d130b5b63db6413284e0c6494cb9e4d45f2cb316,c8e2e42f4c5ba30c57916dd2d130b5b63db6413284e0c6494cb9e4d45f2cb316,1615301330,WRAP,297760642225256517,297760642225256517,0x0000000000000000000000000000000000000000,-7.388155125109074e+21,0xf0e8e956a81032e430f263d48bfa5d52ff9f6534,0.0
176,WRAP-4f8e0c0852544c22b21869abd2c4ad452bb3a5ae92fb5ea24db89a722ca550aa,4f8e0c0852544c22b21869abd2c4ad452bb3a5ae92fb5ea24db89a722ca550aa,1615301221,WRAP,198507094816837678,198507094816837678,0x0000000000000000000000000000000000000000,-7.388155125109074e+21,0xb37287e045646fb6a40fc7424cbb48e9feccaa64,0.0
177,WRAP-911823a475b6d4dcd866c0135d14aec77c96cddb1d2dbc6a2cf3e596e0380f43,911823a475b6d4dcd866c0135d14aec77c96cddb1d2dbc6a2cf3e596e0380f43,1615300986,WRAP,39701418963367535,39701418963367535,0x0000000000000000000000000000000000000000,-7.388155125109074e+21,0x79d084f1f47f4846f6ad99393ac0d8edd8de814e,1418963367535.0
178,OTHER-e3729d3ae9f3c64feee4db228ab78b59963529c8efa0250b9a7b64a168a3b767,e3729d3ae9f3c64feee4db228ab78b59963529c8efa0250b9a7b64a168a3b767,1615300539,OTHER,,,0x,0.0,0x,0.0
179,WRAP-af1b8e10789bc4d89a117c88f1b08498deeef5a7e8ace5315b238535753e7208,af1b8e10789bc4d89a117c88f1b08498deeef5a7e8ace5315b238535753e7208,1615300464,WRAP,34738741592946593689,34738741592946593689,0x0000000000000000000000000000000000000000,-7.388155125109074e+21,0x1c4203db716a122aff5120203268113e8b471f0e,0.0
180,OTHER-7a2d4b182bbc3e49c9795b286e319ed5e41723e4354af4a7ca76259657984e41,7a2d4b182bbc3e49c9795b286e319ed5e41723e4354af4a7ca76259657984e41,1615295261,OTHER,,,0x,0.0,0x,0.0
181,WRAP-ccb6a01c3f58ed31b86ebb7985f633154de3e9c5412d5e72bb5b643acda9e1e3,ccb6a01c3f58ed31b86ebb7985f633154de3e9c5412d5e72bb5b643acda9e1e3,1615294627,WRAP,595521284450513034682,595521284450513034682,0x0000000000000000000000000000000000000000,-7.388155125109074e+21,0xb6af7c04f67b5eb61f0dc7ac4a760888ec3e3887,0.0
182,UNWRAP-a04815260fecd6e0c03b6547c4b01d130c159080c770a588bece4aaa6d447cd1,a04815260fecd6e0c03b6547c4b01d130c159080c770a588bece4aaa6d447cd1,1615292834,UNWRAP,1985494000000000000,1985494000000000000,0xfbdd5c349d1686d7b15b27f47217c55fe93d2bfc,233172463010.0,0x0000000000000000000000000000000000000000,-7.388155125109074e+21
183,WRAP-9a2b79074f61c0308ac7bfa69202907f4575d9b54ed34b4f4ed44a8872115161,9a2b79074f61c0308ac7bfa69202907f4575d9b54ed34b4f4ed44a8872115161,1615292421,WRAP,1985494233172463010,1985494233172463010,0x0000000000000000000000000000000000000000,-7.388155125109074e+21,0xfbdd5c349d1686d7b15b27f47217c55fe93d2bfc,233172463010.0
184,OTHER-5b98ddb9c983df8e6d8cad733f673df1ffd3e23db0d29b80f0ddfa0d73398a85,5b98ddb9c983df8e6d8cad733f673df1ffd3e23db0d29b80f0ddfa0d73398a85,1615291980,OTHER,,,0x,0.0,0x,0.0
185,WRAP-a8a678f5b39ea51bff34183887381341caafef50bbd0ee7f05129ab8327a1a0e,a8a678f5b39ea51bff34183887381341caafef50bbd0ee7f05129ab8327a1a0e,1615291009,WRAP,3673164331369056569,3673164331369056569,0x0000000000000000000000000000000000000000,-7.388155125109074e+21,0x04a6b09c4708f4c94670cc52b15b3dddb6c7d04c,0.0
186,OTHER-a885a71a6444776ff97dde13c5adece48100680a7430b533b5f812fa5a34ce99,a885a71a6444776ff97dde13c5adece48100680a7430b533b5f812fa5a34ce99,1615290425,OTHER,,,0x,0.0,0x,0.0
187,OTHER-b784ccf1d728de7110704acda8765d7f88af4e3d21978283630a010eccc5fadf,b784ccf1d728de7110704acda8765d7f88af4e3d21978283630a010eccc5fadf,1615285486,OTHER,,,0x,0.0,0x,0.0
188,WRAP-5b7b6c326653181bc556b0f1b2468c2b2171b5e9725c422ee7a42bbf0ccebcd9,5b7b6c326653181bc556b0f1b2468c2b2171b5e9725c422ee7a42bbf0ccebcd9,1615285013,WRAP,2382593079806955612,2382593079806955612,0x0000000000000000000000000000000000000000,-7.388155125109074e+21,0xf2d2a8c4988ff113307e80f53678d157eea6371c,0.0
189,OTHER-0190a9893e4dbaecd4f377e80220ca69e26878921b3b9101421b3b7aada55590,0190a9893e4dbaecd4f377e80220ca69e26878921b3b9101421b3b7aada55590,1615284653,OTHER,,,0x,0.0,0x,0.0
190,WRAP-af3ccf8371b7df2e93c859dbf62eabd9e0faaf40500e97be429e37a35ea2aa87,af3ccf8371b7df2e93c859dbf62eabd9e0faaf40500e97be429e37a35ea2aa87,1615284505,WRAP,2697393190476449622,2697393190476449622,0x0000000000000000000000000000000000000000,-7.388155125109074e+21,0xa1c6bf9a94e603c0c7e0559a9bbe6329137239f7,0.0
191,OTHER-b32096948f327fa98c5fdb0c71bccf4689796d1e6b1cd520dad9aae931c3d5b1,b32096948f327fa98c5fdb0c71bccf4689796d1e6b1cd520dad9aae931c3d5b1,1615283348,OTHER,,,0x,0.0,0x,0.0
192,WRAP-61df08a69c393a66fb5715d69db83359b871c96fe2c97bcf74d92f0ff673844b,61df08a69c393a66fb5715d69db83359b871c96fe2c97bcf74d92f0ff673844b,1615282681,WRAP,149507715757886464689,149507715757886464689,0x0000000000000000000000000000000000000000,-7.388155125109074e+21,0x1ea6a6085f2ce3e1f982684a28879761343ff4ce,0.0
193,UNWRAP-107329c1ade6129e4ff5e501d8045655f86f87d658cab6bf2f36e61888b98d4d,107329c1ade6129e4ff5e501d8045655f86f87d658cab6bf2f36e61888b98d4d,1615274366,UNWRAP,30674000000000000000,30674000000000000000,0xdd01596074fa8e2a2f84d10d89090ae4543ea20b,1885902514553511.0,0x0000000000000000000000000000000000000000,-7.388155125109074e+21
194,SEND-456f169d5b2bb6553ffc283d1c3ba94afcbd5f3dddd9c9328c1252d43c591c3c,456f169d5b2bb6553ffc283d1c3ba94afcbd5f3dddd9c9328c1252d43c591c3c,1615274082,SEND,30675885902514553511,30675885902514553511,0xcd91538b91b4ba7797d39a2f66e63810b50a33d0,7.174420301602505e+21,0xdd01596074fa8e2a2f84d10d89090ae4543ea20b,1885902514553511.0
195,OTHER-a6de3eeb9f127b6e1f2b9a510aed7ebd578a8e987fd84e99ca8646cc8a22cd7a,a6de3eeb9f127b6e1f2b9a510aed7ebd578a8e987fd84e99ca8646cc8a22cd7a,1615273209,OTHER,,,0x,0.0,0x,0.0
196,OTHER-9e1dab2bb6e35fb53ffb07a3055b3a67eb4335531c645fa8847b4360fc260fd7,9e1dab2bb6e35fb53ffb07a3055b3a67eb4335531c645fa8847b4360fc260fd7,1615272697,OTHER,,,0x,0.0,0x,0.0
197,WRAP-cb54659316f3ed8b26ef74981205033c72ee3effaa4c5d1bbca0c9737eb30337,cb54659316f3ed8b26ef74981205033c72ee3effaa4c5d1bbca0c9737eb30337,1615272436,WRAP,2978241349758694515,2978241349758694515,0x0000000000000000000000000000000000000000,-7.388155125109074e+21,0xa1c6bf9a94e603c0c7e0559a9bbe6329137239f7,0.0
198,WRAP-99cd3edfedc022549d7aa491a5bf56cc2b53cdff9299f879721f14304739f0d5,99cd3edfedc022549d7aa491a5bf56cc2b53cdff9299f879721f14304739f0d5,1615272009,WRAP,1092021828244854655,1092021828244854655,0x0000000000000000000000000000000000000000,-7.388155125109074e+21,0xc217eeae1e24753888673cfc6fd941051e8fc432,0.0
199,OTHER-bcb9399761959786cc805f9da2c968a57cf39de19461ed5a0a4ca882ed93e71e,bcb9399761959786cc805f9da2c968a57cf39de19461ed5a0a4ca882ed93e71e,1615271393,OTHER,,,0x,0.0,0x,0.0
200,OTHER-1df1c5bcac660390bf69a3f6ede1e489ea7db775689e7ec15753df4bd4087f0b,1df1c5bcac660390bf69a3f6ede1e489ea7db775689e7ec15753df4bd4087f0b,1615270975,OTHER,,,0x,0.0,0x,0.0
201,WRAP-2495fcdeff8761f46b1b2b753a207749629263e63b81a80a5445aa3f5163604c,2495fcdeff8761f46b1b2b753a207749629263e63b81a80a5445aa3f5163604c,1615270798,WRAP,10093259934332215713,10093259934332215713,0x0000000000000000000000000000000000000000,-7.388155125109074e+21,0x936915a08e7c18b649a02203b9706bed489f9c68,0.0
202,WRAP-34ffbe30c0ef6fd66eaefc54b6582e4ebf133ce29c026e0643bcc759cb0c5738,34ffbe30c0ef6fd66eaefc54b6582e4ebf133ce29c026e0643bcc759cb0c5738,1615270668,WRAP,2481867791465578763,2481867791465578763,0x0000000000000000000000000000000000000000,-7.388155125109074e+21,0xebe668347fd2dcd96221f5cfdb6645c97cabc27d,0.0
203,OTHER-9943f6053c4e92691084f2cec4464e999ce6249666234d10da5dcaf9d7a567de,9943f6053c4e92691084f2cec4464e999ce6249666234d10da5dcaf9d7a567de,1615269304,OTHER,,,0x,0.0,0x,0.0
204,OTHER-5cba898d6f39e8b2d783cd355e48d2ecf3654498c6c4e9712065993607c51306,5cba898d6f39e8b2d783cd355e48d2ecf3654498c6c4e9712065993607c51306,1615260201,OTHER,,,0x,0.0,0x,0.0
205,WRAP-23b5290eadb1124267cb027c6dc39a226887f5d6523f5cc42a528017b8cb92ec,23b5290eadb1124267cb027c6dc39a226887f5d6523f5cc42a528017b8cb92ec,1615259987,WRAP,2878966638100071365,2878966638100071365,0x0000000000000000000000000000000000000000,-7.388155125109074e+21,0xfedf3f726e77a7c5ff0304043f49bb261c47a1e2,0.0
206,OTHER-aacd1db2acc1d973b32994b8b027b79531dedf6a06396cf58551a09e91881068,aacd1db2acc1d973b32994b8b027b79531dedf6a06396cf58551a09e91881068,1615258585,OTHER,,,0x,0.0,0x,0.0
207,WRAP-0ac2e56949ea72216d10da0f0a03cca12332dbadbdf39959b6ac39a7b6c66e78,0ac2e56949ea72216d10da0f0a03cca12332dbadbdf39959b6ac39a7b6c66e78,1615258265,WRAP,261092491662178885878,261092491662178885878,0x0000000000000000000000000000000000000000,-7.388155125109074e+21,0x40d227723d66eb5d5cb1dff427c51a49d0b9957e,2491662178885878.0
208,OTHER-49180db992f383e52a00bc7f93c2dcd891fc5f4106509e5c607114cd52376446,49180db992f383e52a00bc7f93c2dcd891fc5f4106509e5c607114cd52376446,1615258053,OTHER,,,0x,0.0,0x,0.0
209,WRAP-c6922b5af06faadb715b08826c20dd19bc3a188952112a5363abb8fea53334d7,c6922b5af06faadb715b08826c20dd19bc3a188952112a5363abb8fea53334d7,1615257849,WRAP,1389845963220724107,1389845963220724107,0x0000000000000000000000000000000000000000,-7.388155125109074e+21,0xfc436651f2fd4885ad645035a63a7cd22e6a868c,0.0
210,OTHER-21327779aa6d8152ff078ad7a3aa3a5b6ce0a0d91fffe2a25efd46c6b39fa8b4,21327779aa6d8152ff078ad7a3aa3a5b6ce0a0d91fffe2a25efd46c6b39fa8b4,1615253460,OTHER,,,0x,0.0,0x,0.0
211,WRAP-4c8e6a54c07d2e9a73dcb6990de1a7a0b54d733051d609af7fb587f6be016581,4c8e6a54c07d2e9a73dcb6990de1a7a0b54d733051d609af7fb587f6be016581,1615252898,WRAP,2978241349758694515,2978241349758694515,0x0000000000000000000000000000000000000000,-7.388155125109074e+21,0x53d7a5d2dde61856045090aab99b3f1f444b8851,0.0
212,OTHER-7811b7dabd2d878d8366794ac123d10fe57c7414c631d2e7396f614b7e13db5c,7811b7dabd2d878d8366794ac123d10fe57c7414c631d2e7396f614b7e13db5c,1615252704,OTHER,,,0x,0.0,0x,0.0
213,WRAP-cc53f80106ef807f7fe6e9b1f8e9de98d34f997314fe85de58d56fb373b58f44,cc53f80106ef807f7fe6e9b1f8e9de98d34f997314fe85de58d56fb373b58f44,1615252563,WRAP,25381466255048522271,25381466255048522271,0x0000000000000000000000000000000000000000,-7.388155125109074e+21,0x2ae1d88af6d27cdf7c5c3799c8bf88191e2686d6,1466255048522271.0
214,WRAP-e1f82438cd3a3493f0ee747506d3dc68996d05e109b10817197d094dcf721b19,e1f82438cd3a3493f0ee747506d3dc68996d05e109b10817197d094dcf721b19,1615252046,WRAP,24818677914655787631,24818677914655787631,0x0000000000000000000000000000000000000000,-7.388155125109074e+21,0x09dbc4a902199bbe7f7ec29b3714731786f2e878,0.0
215,UNWRAP-e570dc9dd13bd095bb97bacff9a65e489760de03bb60472d56b2d3343105703c,e570dc9dd13bd095bb97bacff9a65e489760de03bb60472d56b2d3343105703c,1615248818,UNWRAP,64330013000000000000,64330013000000000000,0x608b10b5cb5154132564e1d415b116def66a3960,154787801539.0,0x0000000000000000000000000000000000000000,-7.388155125109074e+21
216,SEND-2464651164a77267867e15e84fe2a39cf95148b8fe2eabd881c528de3ac69ce7,2464651164a77267867e15e84fe2a39cf95148b8fe2eabd881c528de3ac69ce7,1615248713,SEND,64330013154787801539,64330013154787801539,0xcd91538b91b4ba7797d39a2f66e63810b50a33d0,7.174420301602505e+21,0x608b10b5cb5154132564e1d415b116def66a3960,154787801539.0
217,OTHER-cc819a870ef0d24e69bcadeb235859920213e509361d46178231c214568c076a,cc819a870ef0d24e69bcadeb235859920213e509361d46178231c214568c076a,1615247678,OTHER,,,0x,0.0,0x,0.0
218,WRAP-1e0643e3e888928ea5c23a72fdecf74fca6ee65a1d1910ab399ed7806136adf0,1e0643e3e888928ea5c23a72fdecf74fca6ee65a1d1910ab399ed7806136adf0,1615247617,WRAP,33753401963931871178,33753401963931871178,0x0000000000000000000000000000000000000000,-7.388155125109074e+21,0x608b10b5cb5154132564e1d415b116def66a3960,154787801539.0
219,OTHER-637da31bb43017d89d94dbbe7a67dd85e9bfeccd34eccf4adff8d113e9bb1ab5,637da31bb43017d89d94dbbe7a67dd85e9bfeccd34eccf4adff8d113e9bb1ab5,1615246833,OTHER,,,0x,0.0,0x,0.0
220,WRAP-064b39ded16e508642fa489493231fc56e87c2e614afb4f265346dd7c7e58b38,064b39ded16e508642fa489493231fc56e87c2e614afb4f265346dd7c7e58b38,1615246763,WRAP,30179512344221437759,30179512344221437759,0x0000000000000000000000000000000000000000,-7.388155125109074e+21,0x51d679666d6a24653f1fae57a8b1a04f69abab99,0.0
221,OTHER-6eb669ff29bdc3c61d98b9eb5535634bb20b004b124422f3bfefc02f16af2dd3,6eb669ff29bdc3c61d98b9eb5535634bb20b004b124422f3bfefc02f16af2dd3,1615245930,OTHER,,,0x,0.0,0x,0.0
222,WRAP-4d0d446521cc913dc9978ce6c43178cd470fb90b78e6c7b000dc6a8037662d6a,4d0d446521cc913dc9978ce6c43178cd470fb90b78e6c7b000dc6a8037662d6a,1615245585,WRAP,28695624439393616527,28695624439393616527,0x0000000000000000000000000000000000000000,-7.388155125109074e+21,0x20eadfcaf91bd98674ff8fc341d148e1731576a4,2.536209151389664e+17
223,OTHER-b7c1e9bc588496074a0ce2718d289f018dc495ccfe777f56999d1589e4d3ecfa,b7c1e9bc588496074a0ce2718d289f018dc495ccfe777f56999d1589e4d3ecfa,1615245377,OTHER,,,0x,0.0,0x,0.0
224,UNWRAP-93ff4b667a85a5928d153e617e41543d77bbc3d87f069ef660f18a3a15ceff2a,93ff4b667a85a5928d153e617e41543d77bbc3d87f069ef660f18a3a15ceff2a,1615244336,UNWRAP,49637000000000000,49637000000000000,0x9c5dde694ef0b1c17a7ef6ae2e58b7ed8b1bd56f,355829311575.0,0x0000000000000000000000000000000000000000,-7.388155125109074e+21
225,OTHER-71bce7e1710fd8b8400de80c1433a93cd173e1872141dffa46d43b7f94b8a3b2,71bce7e1710fd8b8400de80c1433a93cd173e1872141dffa46d43b7f94b8a3b2,1615244336,OTHER,,,0x,0.0,0x,0.0
226,WRAP-cc7596c7e02bc41c374d411e49e9a75e52e5857c98fe25e7b1c51c306e272e2c,cc7596c7e02bc41c374d411e49e9a75e52e5857c98fe25e7b1c51c306e272e2c,1615244283,WRAP,15883953865379704083,15883953865379704083,0x0000000000000000000000000000000000000000,-7.388155125109074e+21,0x5993bad196c8786baaedb5a5868f338fe6ce4cc2,0.0
227,WRAP-bb456a03321e1ea0ddafb2872e8f8a894d3dc9f1d9046f5cba681cab9cc4b7c5,bb456a03321e1ea0ddafb2872e8f8a894d3dc9f1d9046f5cba681cab9cc4b7c5,1615244195,WRAP,6993506337503366461,6993506337503366461,0x0000000000000000000000000000000000000000,-7.388155125109074e+21,0x6f9bb7e454f5b3eb2310343f0e99269dc2bb8a1d,6.993506337503366e+18
228,OTHER-815e1937d920c3990be91765f249b1801cbae09276665bf1cb98cfb7cacb8f09,815e1937d920c3990be91765f249b1801cbae09276665bf1cb98cfb7cacb8f09,1615243525,OTHER,,,0x,0.0,0x,0.0
229,WRAP-6ebbb9d353b6eca1044c353ebc5f798c69c4ea62194044f715a942f629c8eee0,6ebbb9d353b6eca1044c353ebc5f798c69c4ea62194044f715a942f629c8eee0,1615243312,WRAP,49637355829311575262,49637355829311575262,0x0000000000000000000000000000000000000000,-7.388155125109074e+21,0x58f41b41ab4884520769c382d45188f9d5c31b27,0.0
230,OTHER-dbba6a822aabd5050c13191623df03ec2b41254bfdd42e93790fdad8226cc275,dbba6a822aabd5050c13191623df03ec2b41254bfdd42e93790fdad8226cc275,1615243294,OTHER,,,0x,0.0,0x,0.0
231,OTHER-466f1da27b0d13092038d9f50452c6eb4cb174c0b88bae99269b886d2f53a81b,466f1da27b0d13092038d9f50452c6eb4cb174c0b88bae99269b886d2f53a81b,1615243126,OTHER,,,0x,0.0,0x,0.0
232,WRAP-addc35de86240cee8e5a8783f503decbd547e73b1514a440ce5f80f010474cb5,addc35de86240cee8e5a8783f503decbd547e73b1514a440ce5f80f010474cb5,1615243040,WRAP,153077038740860601443,153077038740860601443,0x0000000000000000000000000000000000000000,-7.388155125109074e+21,0xadeeb9d09b8bcee10943198fb6f6a4229bab3675,7038740860601443.0
233,OTHER-202d127b07d99fc245e102026d77edcc533b1a86861d4ed90c80dff3da109631,202d127b07d99fc245e102026d77edcc533b1a86861d4ed90c80dff3da109631,1615242713,OTHER,,,0x,0.0,0x,0.0
234,WRAP-f46e19d5f3ae0cb0c23bf25f4aa2485485a12663b46e616f64bcc718898a133c,f46e19d5f3ae0cb0c23bf25f4aa2485485a12663b46e616f64bcc718898a133c,1615242643,WRAP,98281964542036919018,98281964542036919018,0x0000000000000000000000000000000000000000,-7.388155125109074e+21,0x3d18ef2eff0644bb0e6045f6906da0eb34c3200f,1964542036919018.0
235,OTHER-2ef499c3779fbe8dc49072ee7f5f63c10a6ffc2ce420eafd7fdf778b708be9ac,2ef499c3779fbe8dc49072ee7f5f63c10a6ffc2ce420eafd7fdf778b708be9ac,1615242289,OTHER,,,0x,0.0,0x,0.0
236,WRAP-8a8814b7844c55812ff590741e6524a5ec9404a63c5588ca03ffe874413b6796,8a8814b7844c55812ff590741e6524a5ec9404a63c5588ca03ffe874413b6796,1615242173,WRAP,5956482699517389031,5956482699517389031,0x0000000000000000000000000000000000000000,-7.388155125109074e+21,0xcf07aeda16eba7c76f91a589e2c5265b1bf379a8,0.0
237,WRAP-a96fe100cac5ca17403ae3d35aa1cd182aa309af1ed44f5290f47c9dd3d46e5d,a96fe100cac5ca17403ae3d35aa1cd182aa309af1ed44f5290f47c9dd3d46e5d,1615242094,WRAP,99274711658623150,99274711658623150,0x0000000000000000000000000000000000000000,-7.388155125109074e+21,0x9c767178528c8a205df63305ebda4bb6b147889b,0.0
238,OTHER-158bd2372772243a0d66b13ab7991937899e88263174eafeedf5922e32c5c2c3,158bd2372772243a0d66b13ab7991937899e88263174eafeedf5922e32c5c2c3,1615241950,OTHER,,,0x,0.0,0x,0.0
239,WRAP-0bf0d96a9e54370a9a4a6a506133db48f9d79763672350059ab4794dd439821f,0bf0d96a9e54370a9a4a6a506133db48f9d79763672350059ab4794dd439821f,1615241829,WRAP,6552130969469127934,6552130969469127934,0x0000000000000000000000000000000000000000,-7.388155125109074e+21,0x5bfa69517e17411beda54ea2d3672709f4867254,0.0
240,WRAP-66fc23c59c7810e9a2e96eefcd6788e02b4db5c8a4eb136b2ebf3f0c4c2973e3,66fc23c59c7810e9a2e96eefcd6788e02b4db5c8a4eb136b2ebf3f0c4c2973e3,1615241628,WRAP,30576611190855930361,30576611190855930361,0x0000000000000000000000000000000000000000,-7.388155125109074e+21,0x608b10b5cb5154132564e1d415b116def66a3960,154787801539.0
241,UNWRAP-2c68d29decf30c156d523e8c87758645c35f9bb0159fb33e09a344086b3e4cba,2c68d29decf30c156d523e8c87758645c35f9bb0159fb33e09a344086b3e4cba,1615241260,UNWRAP,100863107000000000000,100863107000000000000,0x5ade40e345817b739b91c6b4615efce87f9d7c57,45161120932.0,0x0000000000000000000000000000000000000000,-7.388155125109074e+21
242,UNWRAP-9c2e7369e6af7b6d920d459bd8ccbafaf0496ec14d49bfba507edea80222f6fa,9c2e7369e6af7b6d920d459bd8ccbafaf0496ec14d49bfba507edea80222f6fa,1615241144,UNWRAP,198549000000000000,198549000000000000,0x2beba030cdc9c4a47c5aa657974840428b9fefac,423317246301.0,0x0000000000000000000000000000000000000000,-7.388155125109074e+21
243,SEND-e97da7b22662a5adaa36c412c3cff89f673592d3db16e3b65aabb09a176769fa,e97da7b22662a5adaa36c412c3cff89f673592d3db16e3b65aabb09a176769fa,1615241032,SEND,100860000000000000000,100860000000000000000,0xcd91538b91b4ba7797d39a2f66e63810b50a33d0,7.174420301602505e+21,0x5ade40e345817b739b91c6b4615efce87f9d7c57,45161120932.0
244,OTHER-a633d98ef5f8b20e9267ae4bab225573768697700fa424d6dd1bbd0570540d60,a633d98ef5f8b20e9267ae4bab225573768697700fa424d6dd1bbd0570540d60,1615240627,OTHER,,,0x,0.0,0x,0.0
245,OTHER-8d224e01236ed2346a9ad4805785fd28bedcc640d16831a25c4395a4f20e3acb,8d224e01236ed2346a9ad4805785fd28bedcc640d16831a25c4395a4f20e3acb,1615240621,OTHER,,,0x,0.0,0x,0.0
246,WRAP-83d8b419281bbcd2570e045a814158b42e9807cdcd885acb574b31096b0757df,83d8b419281bbcd2570e045a814158b42e9807cdcd885acb574b31096b0757df,1615240436,WRAP,6949229816103620536,6949229816103620536,0x0000000000000000000000000000000000000000,-7.388155125109074e+21,0xdcd9ba7fc0b8324817a13deb3c268f80976056b4,0.0
247,WRAP-0a673a56672ce5cfbc6034f9b00d7db593bb42d5f807d861dc7252ffe75706ad,0a673a56672ce5cfbc6034f9b00d7db593bb42d5f807d861dc7252ffe75706ad,1615240430,WRAP,198549423317246301,198549423317246301,0x0000000000000000000000000000000000000000,-7.388155125109074e+21,0x2beba030cdc9c4a47c5aa657974840428b9fefac,423317246301.0
248,WRAP-7e354cdc3c3a7ce1985a2296e92a0dec1e828f20ade68ab04e2b25e7b5b8973f,7e354cdc3c3a7ce1985a2296e92a0dec1e828f20ade68ab04e2b25e7b5b8973f,1615240301,WRAP,80908890001777867677,80908890001777867677,0x0000000000000000000000000000000000000000,-7.388155125109074e+21,0xfccba075a3f25208439e8f1a9e00a87fb861e248,1777867677.0
249,OTHER-1cb1274929586cdf8fb488b2c6585659ba86dc0eec9d72c39d192f4614c3b26a,1cb1274929586cdf8fb488b2c6585659ba86dc0eec9d72c39d192f4614c3b26a,1615239623,OTHER,,,0x,0.0,0x,0.0
250,WRAP-27b170096e09a9871e7ae26cb9664ea791cdf3b49190630614aab445b3eae968,27b170096e09a9871e7ae26cb9664ea791cdf3b49190630614aab445b3eae968,1615239571,WRAP,8438350490982967794,8438350490982967794,0x0000000000000000000000000000000000000000,-7.388155125109074e+21,0xe71ba8ec2fa3dc20de946b84ceaa243ae7ccf2fb,10000000000000.0
251,OTHER-d7ff1f191a8e40c19219cd681caa034150ee6edf17109799d92e381173ccd685,d7ff1f191a8e40c19219cd681caa034150ee6edf17109799d92e381173ccd685,1615239571,OTHER,,,0x,0.0,0x,0.0
252,WRAP-55b9dea0967b22503f44c66ad28fab38da9a02daf21f1c41678d7f23b543c4d3,55b9dea0967b22503f44c66ad28fab38da9a02daf21f1c41678d7f23b543c4d3,1615239310,WRAP,49637355829311575,49637355829311575,0x0000000000000000000000000000000000000000,-7.388155125109074e+21,0x9c5dde694ef0b1c17a7ef6ae2e58b7ed8b1bd56f,355829311575.0
253,OTHER-65d42c761e3cf840e0189dc6454047c2fee259518a1b41963b4af2f3513d220f,65d42c761e3cf840e0189dc6454047c2fee259518a1b41963b4af2f3513d220f,1615239032,OTHER,,,0x,0.0,0x,0.0
254,OTHER-7e66bb6427cf763f0fdfe9723c65c8b08d9d4d764f5da7cd91bac94b28327b11,7e66bb6427cf763f0fdfe9723c65c8b08d9d4d764f5da7cd91bac94b28327b11,1615238898,OTHER,,,0x,0.0,0x,0.0
255,WRAP-2d015a3c2a9c19df2d201607f9174c1da392310cf6f18b078c87fd309ed51511,2d015a3c2a9c19df2d201607f9174c1da392310cf6f18b078c87fd309ed51511,1615238821,WRAP,148912067487934725786,148912067487934725786,0x0000000000000000000000000000000000000000,-7.388155125109074e+21,0x0ae3e9b076f0fa63a818e73e6b44231908629a9e,0.0
256,WRAP-bb4d6233af3228db1c9640f5d5807df71cadf71f7d2780adf892234bdd56b164,bb4d6233af3228db1c9640f5d5807df71cadf71f7d2780adf892234bdd56b164,1615238778,WRAP,27556884924589330403,27556884924589330403,0x0000000000000000000000000000000000000000,-7.388155125109074e+21,0xcfb464585241eab3ecb392011648a8e829b951ed,0.0
257,WRAP-08d0c9f0c27dbd1fde3060b43704fe6952aa9e8d453ffa04ee2ec27ba7e2e205,08d0c9f0c27dbd1fde3060b43704fe6952aa9e8d453ffa04ee2ec27ba7e2e205,1615238671,WRAP,29583864074269698856,29583864074269698856,0x0000000000000000000000000000000000000000,-7.388155125109074e+21,0x298afe764ceade43ba80ac4390195e8d9451d6ef,0.0
258,OTHER-dbb30ba18d9ed2e54e171f271b33447fa00c3a0b35f70537ee66e1f52724cfe0,dbb30ba18d9ed2e54e171f271b33447fa00c3a0b35f70537ee66e1f52724cfe0,1615238534,OTHER,,,0x,0.0,0x,0.0
259,WRAP-370fa4765545861c2bfcaed509074a8e1c7d65f8cf92d564c4fc166b607b7dd9,370fa4765545861c2bfcaed509074a8e1c7d65f8cf92d564c4fc166b607b7dd9,1615238373,WRAP,5117426735038338370,5117426735038338370,0x0000000000000000000000000000000000000000,-7.388155125109074e+21,0x5fbd75846a90e965fefacfe5d80e8e2ba675d841,0.0
260,OTHER-50045ab32c0518150e70689d1a8a88c29a83d4ef13a9972719ecb5d430217ae2,50045ab32c0518150e70689d1a8a88c29a83d4ef13a9972719ecb5d430217ae2,1615238186,OTHER,,,0x,0.0,0x,0.0
261,OTHER-d493e7c121c3419aff79dc8685a19009f3c3568de16c5ee2c99159e4bab1191d,d493e7c121c3419aff79dc8685a19009f3c3568de16c5ee2c99159e4bab1191d,1615238174,OTHER,,,0x,0.0,0x,0.0
262,OTHER-0277616a95fbabaf3c255b0ee40872a1bc9ea52a6e437c1741b1d8d9844cb037,0277616a95fbabaf3c255b0ee40872a1bc9ea52a6e437c1741b1d8d9844cb037,1615238174,OTHER,,,0x,0.0,0x,0.0
263,UNWRAP-46f0024a9084cc1a0896baf2ba6b7853f65f505c79252910363bb4817f61afb0,46f0024a9084cc1a0896baf2ba6b7853f65f505c79252910363bb4817f61afb0,1615238082,UNWRAP,99270000000000000000,99270000000000000000,0xe1e2a52a21226ba37f28ba6cdf59f20156798f94,4711658623150523.0,0x0000000000000000000000000000000000000000,-7.388155125109074e+21
264,SEND-ccc89f71d4fe580d16b7fa241bed8500941790650ec9e3a88dd6aeaa9647df10,ccc89f71d4fe580d16b7fa241bed8500941790650ec9e3a88dd6aeaa9647df10,1615237892,SEND,89049416357784966020,89049416357784966020,0xcd91538b91b4ba7797d39a2f66e63810b50a33d0,7.174420301602505e+21,0xe1e2a52a21226ba37f28ba6cdf59f20156798f94,4711658623150523.0
265,WRAP-102d45d5439777d30bf059f904953224ce04c3c822952e1427711ca1e78ab50e,102d45d5439777d30bf059f904953224ce04c3c822952e1427711ca1e78ab50e,1615237830,WRAP,26506348012852381189,26506348012852381189,0x0000000000000000000000000000000000000000,-7.388155125109074e+21,0xf49d2bcc52f0b46a98204721f98ce9d4e6730bed,2635461747073631.0
266,SEND-f65568bc972a485c8b4ddda1f59cf4914bc171ab37eb77f81b1ec5c3189baac4,f65568bc972a485c8b4ddda1f59cf4914bc171ab37eb77f81b1ec5c3189baac4,1615237803,SEND,0,0,0xcd91538b91b4ba7797d39a2f66e63810b50a33d0,7.174420301602505e+21,0xe1e2a52a21226ba37f28ba6cdf59f20156798f94,4711658623150523.0
267,WRAP-91240de9d83cc47d256089ae1744494745955f863d2aece372b1de153ea23b1e,91240de9d83cc47d256089ae1744494745955f863d2aece372b1de153ea23b1e,1615237798,WRAP,59167728148539397712,59167728148539397712,0x0000000000000000000000000000000000000000,-7.388155125109074e+21,0x16f037a3ddf53da1b047a926e1833219f0a8e1fc,0.0
268,OTHER-f4051a36d59b7a76e0cd452d6e9b1546d2ff827463b1acfdb7cdd31891c3d8c3,f4051a36d59b7a76e0cd452d6e9b1546d2ff827463b1acfdb7cdd31891c3d8c3,1615237798,OTHER,,,0x,0.0,0x,0.0
269,WRAP-a100d59d98753663f843e488f11c38fc87d41ad302adaaa15c23cce9a6b13b9e,a100d59d98753663f843e488f11c38fc87d41ad302adaaa15c23cce9a6b13b9e,1615237750,WRAP,44077971976428678832,44077971976428678832,0x0000000000000000000000000000000000000000,-7.388155125109074e+21,0xa3829551320b8c642e050b673e94a8560048a45e,4.4077971976428675e+19
270,OTHER-802f5cbc7d55f4a5555ab01c96bd83107c356f96ae97480a5bfe1cfbe5a3b794,802f5cbc7d55f4a5555ab01c96bd83107c356f96ae97480a5bfe1cfbe5a3b794,1615237533,OTHER,,,0x,0.0,0x,0.0
271,OTHER-48b0c40f239e41b75050402ca02bb0698ff7ffa21e77bbf30e3dd5139195de00,48b0c40f239e41b75050402ca02bb0698ff7ffa21e77bbf30e3dd5139195de00,1615237381,OTHER,,,0x,0.0,0x,0.0
272,OTHER-b790a4c2f853be4b0592830eae0daa104d7cdb5b32e1cd0f910460c6c7856aed,b790a4c2f853be4b0592830eae0daa104d7cdb5b32e1cd0f910460c6c7856aed,1615237308,OTHER,,,0x,0.0,0x,0.0
273,OTHER-0501d75c9b6cf0de85457c9962cd4c55db0f31de6a8ea5a983d79b2d1bbe4ef0,0501d75c9b6cf0de85457c9962cd4c55db0f31de6a8ea5a983d79b2d1bbe4ef0,1615237300,OTHER,,,0x,0.0,0x,0.0
274,OTHER-d4b61a56c23dc9935c10aae4a96f9792d7a820ab7191d8f7518846d761b14e09,d4b61a56c23dc9935c10aae4a96f9792d7a820ab7191d8f7518846d761b14e09,1615237197,OTHER,,,0x,0.0,0x,0.0
275,WRAP-4bc7837112e9dc4705314c5090be006aa9d54ab410201d1328a1eba40da8e580,4bc7837112e9dc4705314c5090be006aa9d54ab410201d1328a1eba40da8e580,1615237114,WRAP,30629028238611683384,30629028238611683384,0x0000000000000000000000000000000000000000,-7.388155125109074e+21,0xfffe1f5d42dc16af7c05d0aa24d2c649a869b367,0.0
276,SEND-13cd769b23c99fe525274ff21cd0a1b21bd6f3905fde72caa32757bdda88a66e,13cd769b23c99fe525274ff21cd0a1b21bd6f3905fde72caa32757bdda88a66e,1615237114,SEND,105296318568988596342,105296318568988596342,0xb0e83c2d71a991017e0116d58c5765abc57384af,0.0,0x1a31c94f97c649bc2a8adbceb54d1f4a075be4b1,0.0
277,WRAP-fc7be2ca4b3b8f2e3cf8a6aa5e0d0a3d86459eb7443151f856d67d0fb6f86bb0,fc7be2ca4b3b8f2e3cf8a6aa5e0d0a3d86459eb7443151f856d67d0fb6f86bb0,1615237056,WRAP,10211099017071001393,10211099017071001393,0x0000000000000000000000000000000000000000,-7.388155125109074e+21,0xa6775ae22067d71fae76e22fa377cfb38f223f0d,0.0
278,OTHER-564ea36bbf7e8190d68e176532be14de0e630bd0e4c6a4c899051bdaa08dfd67,564ea36bbf7e8190d68e176532be14de0e630bd0e4c6a4c899051bdaa08dfd67,1615237001,OTHER,,,0x,0.0,0x,0.0
279,WRAP-3e380e515811c9361ea635ec3f4c71ee460eabad77db1a15d26407b6c2154514,3e380e515811c9361ea635ec3f4c71ee460eabad77db1a15d26407b6c2154514,1615236969,WRAP,16876700981965935589,16876700981965935589,0x0000000000000000000000000000000000000000,-7.388155125109074e+21,0x23783f2d297555fdcbd3cda4b4cee5af9dd2a02b,0.0
280,WRAP-f4dafee61fae6a28c0e1624df803ed0fae7ae765da7f8a5f245b80692f116dc2,f4dafee61fae6a28c0e1624df803ed0fae7ae765da7f8a5f245b80692f116dc2,1615236946,WRAP,105296318568988596342,105296318568988596342,0x0000000000000000000000000000000000000000,-7.388155125109074e+21,0xb0e83c2d71a991017e0116d58c5765abc57384af,0.0
281,WRAP-02425278043b53c418e01925ed01a041ddf48ea2b4c9ba31e9a7817e3580844d,02425278043b53c418e01925ed01a041ddf48ea2b4c9ba31e9a7817e3580844d,1615236637,WRAP,1022231705948842580946,1022231705948842580946,0x0000000000000000000000000000000000000000,-7.388155125109074e+21,0x0eb4add4ba497357546da7f5d12d39587ca24606,0.0
282,WRAP-5accd030efcd39990df98ea08fe2bcc647ea00973dc65727f78920a8fa4e741f,5accd030efcd39990df98ea08fe2bcc647ea00973dc65727f78920a8fa4e741f,1615236622,WRAP,10225295300838184503,10225295300838184503,0x0000000000000000000000000000000000000000,-7.388155125109074e+21,0xe1e2a52a21226ba37f28ba6cdf59f20156798f94,4711658623150523.0
283,WRAP-077c3070eabba8bab5ce4cae15f665ad7f3dcd9e1fa0b24e3fd4fb652308df46,077c3070eabba8bab5ce4cae15f665ad7f3dcd9e1fa0b24e3fd4fb652308df46,1615236449,WRAP,1985494233172463010482,1985494233172463010482,0x0000000000000000000000000000000000000000,-7.388155125109074e+21,0x97960149fc611508748de01202974d372a677632,4233172463010482.0
284,OTHER-ba644d1b6bc7431af9d12b68da60454c0857909ed997bda7adbf04ffcab0cad6,ba644d1b6bc7431af9d12b68da60454c0857909ed997bda7adbf04ffcab0cad6,1615236449,OTHER,,,0x,0.0,0x,0.0
285,OTHER-a8628a5541199bf5169e79329765fd1064d671d0f487bfcda49688cfedcb74de,a8628a5541199bf5169e79329765fd1064d671d0f487bfcda49688cfedcb74de,1615236275,OTHER,,,0x,0.0,0x,0.0
286,WRAP-b9086ba4c5a281a860bef0e65d5834844303b2943942b6fe7796d5586ceceefa,b9086ba4c5a281a860bef0e65d5834844303b2943942b6fe7796d5586ceceefa,1615236271,WRAP,717844221961086577023,717844221961086577023,0x0000000000000000000000000000000000000000,-7.388155125109074e+21,0x6af235d2bbe050e6291615b71ca5829658810142,4221961086577023.0
287,OTHER-b9b533aa2b6511c23b59876b3e8e0f2ca9d96f5d91c04bb3043eb50c108b34d5,b9b533aa2b6511c23b59876b3e8e0f2ca9d96f5d91c04bb3043eb50c108b34d5,1615236255,OTHER,,,0x,0.0,0x,0.0
288,WRAP-292b258a268b10228385edf41adb988bb3334b1f7ee5205ad8f33b4949e9787b,292b258a268b10228385edf41adb988bb3334b1f7ee5205ad8f33b4949e9787b,1615236167,WRAP,8934724049276083547,8934724049276083547,0x0000000000000000000000000000000000000000,-7.388155125109074e+21,0xd3802dce7f7a54d59e7a64329d287624ff3f495a,0.0
289,OTHER-ce51ecfa82f8a3c28fa075d69d917ddf6e1f8cb0ece7df22d9e799ab3b87c390,ce51ecfa82f8a3c28fa075d69d917ddf6e1f8cb0ece7df22d9e799ab3b87c390,1615236158,OTHER,,,0x,0.0,0x,0.0
290,OTHER-321d13d25689e9464108eaf47bb326235a471f60c55cdcfb5908442f8754a112,321d13d25689e9464108eaf47bb326235a471f60c55cdcfb5908442f8754a112,1615236158,OTHER,,,0x,0.0,0x,0.0
291,WRAP-aa0c0d8338cf71558fdd9c9b788aeb5031172044197501075565157f9c24bb94,aa0c0d8338cf71558fdd9c9b788aeb5031172044197501075565157f9c24bb94,1615236025,WRAP,100863107045161120932,100863107045161120932,0x0000000000000000000000000000000000000000,-7.388155125109074e+21,0x5ade40e345817b739b91c6b4615efce87f9d7c57,45161120932.0
292,WRAP-87c7a9324d7fc4bbcc13a5a289ae1c0bf3438474fe3406149cd6bc1fa1b8919b,87c7a9324d7fc4bbcc13a5a289ae1c0bf3438474fe3406149cd6bc1fa1b8919b,1615235933,WRAP,744560337439673628,744560337439673628,0x0000000000000000000000000000000000000000,-7.388155125109074e+21,0x239f014cfc39ba2217cbe985c5c5357e7e73198a,0.0
293,OTHER-f81d6991afa33a39dc5fc532c90b6bd66386123b2126f584407805719a6e8964,f81d6991afa33a39dc5fc532c90b6bd66386123b2126f584407805719a6e8964,1615235933,OTHER,,,0x,0.0,0x,0.0
294,WRAP-fc28d5b50461cde17c567c75641a20ba43435af46af3be3de1fc19f0cf7175de,fc28d5b50461cde17c567c75641a20ba43435af46af3be3de1fc19f0cf7175de,1615235932,WRAP,992747116586231505,992747116586231505,0x0000000000000000000000000000000000000000,-7.388155125109074e+21,0xa9befffe0061866e240cbbed7e2572c48941b2db,0.0
295,WRAP-f44f86a0a1b1280e2c610ed2becb24d82666861663909c55c20e78f2bbf47463,f44f86a0a1b1280e2c610ed2becb24d82666861663909c55c20e78f2bbf47463,1615235922,WRAP,23281709806998333773,23281709806998333773,0x0000000000000000000000000000000000000000,-7.388155125109074e+21,0xba3d14a79340cb1eac61f8ddd0a56f4624db0e0d,0.0
296,WRAP-32fb2137946eaa2f77b33587e3a55f44c49e34f8983dd47c377b279c71957b59,32fb2137946eaa2f77b33587e3a55f44c49e34f8983dd47c377b279c71957b59,1615235879,WRAP,10920218282448546557,10920218282448546557,0x0000000000000000000000000000000000000000,-7.388155125109074e+21,0xe71ba8ec2fa3dc20de946b84ceaa243ae7ccf2fb,10000000000000.0
297,OTHER-ca7c6cc9772918a3ad8154670da15b55f873e971679deb21c6df538fd5a8500c,ca7c6cc9772918a3ad8154670da15b55f873e971679deb21c6df538fd5a8500c,1615235868,OTHER,,,0x,0.0,0x,0.0
298,OTHER-1def0d3049d8cb7a8dd9dd7cfec2dc8b09cd784f18ce1767506c9930e1369cb5,1def0d3049d8cb7a8dd9dd7cfec2dc8b09cd784f18ce1767506c9930e1369cb5,1615235868,OTHER,,,0x,0.0,0x,0.0
299,OTHER-5a2239a20a7f80eb1bee3a0cbf5fb575ebf6af1400692d9fc540e4df476aeb7c,5a2239a20a7f80eb1bee3a0cbf5fb575ebf6af1400692d9fc540e4df476aeb7c,1615235847,OTHER,,,0x,0.0,0x,0.0
300,OTHER-80153bbc1db054e64f7e9152b8a1e9158b6d7e93a5ef8ed105c7bced8d355288,80153bbc1db054e64f7e9152b8a1e9158b6d7e93a5ef8ed105c7bced8d355288,1615235751,OTHER,,,0x,0.0,0x,0.0
301,WRAP-fa0e0dc23bf45e121171398b158f9bc26cf78e9a3722e2c4ee382ec005a838dd,fa0e0dc23bf45e121171398b158f9bc26cf78e9a3722e2c4ee382ec005a838dd,1615235716,WRAP,10225295300838184503,10225295300838184503,0x0000000000000000000000000000000000000000,-7.388155125109074e+21,0x9b0c19000a8631c1f555bb365bde308384e4f2ff,0.0
302,WRAP-132a337cbfc8823bbe8f725739f07a5a72aa1eff0ea9e4eb3206354ad91ec00f,132a337cbfc8823bbe8f725739f07a5a72aa1eff0ea9e4eb3206354ad91ec00f,1615235689,WRAP,68860910994887362129,68860910994887362129,0x0000000000000000000000000000000000000000,-7.388155125109074e+21,0x4e475640967781afc29d3c8aafae4ffc041710b7,0.0
303,WRAP-0a152ac880ca57713418e14043492f5e244138f5c02ba7701feb16be802009b2,0a152ac880ca57713418e14043492f5e244138f5c02ba7701feb16be802009b2,1615235664,WRAP,30675885902514553511,30675885902514553511,0x0000000000000000000000000000000000000000,-7.388155125109074e+21,0xdd01596074fa8e2a2f84d10d89090ae4543ea20b,1885902514553511.0
304,OTHER-f399e49d46da05b7202b730314d1f233e33c2da3878e610174837e3674fedc43,f399e49d46da05b7202b730314d1f233e33c2da3878e610174837e3674fedc43,1615235655,OTHER,,,0x,0.0,0x,0.0
305,WRAP-21af0b3e595bf437fa4d7baaa70de74a6f5190c63ca174aa4b5f319b6793d8a8,21af0b3e595bf437fa4d7baaa70de74a6f5190c63ca174aa4b5f319b6793d8a8,1615235553,WRAP,24818677914655787631,24818677914655787631,0x0000000000000000000000000000000000000000,-7.388155125109074e+21,0x275b2edbc7c4413dbecff9ef37ba9214758e3b13,3976325004766416.0
306,WRAP-e15a4e14ee02bcaad93a768fdd00a17b3160ca6c067272cd8075792ea1dbf4f9,e15a4e14ee02bcaad93a768fdd00a17b3160ca6c067272cd8075792ea1dbf4f9,1615235507,WRAP,89049416357784966020,89049416357784966020,0x0000000000000000000000000000000000000000,-7.388155125109074e+21,0xe1e2a52a21226ba37f28ba6cdf59f20156798f94,4711658623150523.0
307,WRAP-16e3eda0aa824e7d1faeb91c8b64442896c9c1f0b31f675eb2d673370f2004ca,16e3eda0aa824e7d1faeb91c8b64442896c9c1f0b31f675eb2d673370f2004ca,1615235501,WRAP,1985494233172463010,1985494233172463010,0x0000000000000000000000000000000000000000,-7.388155125109074e+21,0x99c16d5f932ceccfaf53143e85ae18f03256205d,0.0
308,OTHER-9320898fc029613c73c77c125189a7da08ceda55af555f8800d4e3142eeedba9,9320898fc029613c73c77c125189a7da08ceda55af555f8800d4e3142eeedba9,1615235409,OTHER,,,0x,0.0,0x,0.0
309,OTHER-7c05ad7a9221653e1f197cca5cf2fe876d4e398bed9386e8c8796549a54e9ec4,7c05ad7a9221653e1f197cca5cf2fe876d4e398bed9386e8c8796549a54e9ec4,1615235059,OTHER,,,0x,0.0,0x,0.0
310,OTHER-cdec2370243643b753c9581dbfcf2f3ed74179659d3c268f686fd94f67211a42,cdec2370243643b753c9581dbfcf2f3ed74179659d3c268f686fd94f67211a42,1615235042,OTHER,,,0x,0.0,0x,0.0
311,WRAP-55b5b9a062d31666ad3081863cfb34decae2b32428c92af354e143f91e23f15d,55b5b9a062d31666ad3081863cfb34decae2b32428c92af354e143f91e23f15d,1615235033,WRAP,11118767705765792858,11118767705765792858,0x0000000000000000000000000000000000000000,-7.388155125109074e+21,0xdd4bc51496dc93a0c47008e820e0d80745476f22,0.0
312,WRAP-8da2a52f3676fd0eccac01302eb00a323ba8e8550aedd6aabacbfa604c6b1a3e,8da2a52f3676fd0eccac01302eb00a323ba8e8550aedd6aabacbfa604c6b1a3e,1615234906,WRAP,1786944809855216709,1786944809855216709,0x0000000000000000000000000000000000000000,-7.388155125109074e+21,0x9581f442075eef408bd5e560cca77fcf598f601e,0.0
313,WRAP-9344765ba8bda9966dcd0d51ad3bb4f0554425b36853731577ec8ef9b0a9b6f5,9344765ba8bda9966dcd0d51ad3bb4f0554425b36853731577ec8ef9b0a9b6f5,1615234896,WRAP,9927471165862315052,9927471165862315052,0x0000000000000000000000000000000000000000,-7.388155125109074e+21,0x84677c9949f95416ef54352eba23c0f97f08f5d8,0.0
314,WRAP-18c6d3536cf809017d24f2a0f8805affa622b4e314a304b67b85b974972fdd4e,18c6d3536cf809017d24f2a0f8805affa622b4e314a304b67b85b974972fdd4e,1615234816,WRAP,794197693268985204,794197693268985204,0x0000000000000000000000000000000000000000,-7.388155125109074e+21,0x9581f442075eef408bd5e560cca77fcf598f601e,0.0
315,WRAP-913b9bc5815c4022571d1ed1307a89a9cd8adcd43d469167b118947d695d83c1,913b9bc5815c4022571d1ed1307a89a9cd8adcd43d469167b118947d695d83c1,1615234784,WRAP,9927471165862315052,9927471165862315052,0x0000000000000000000000000000000000000000,-7.388155125109074e+21,0x32254b28f793cc18b3575c86c61fe3d7421cbbef,0.0
316,OTHER-ae98691da6cddf496cdd9f8db4aa05e35840081087185c4892e1366b88c549bf,ae98691da6cddf496cdd9f8db4aa05e35840081087185c4892e1366b88c549bf,1615229391,OTHER,,,0x,0.0,0x,0.0
317,OTHER-e3d6fcfe87bb1d5931c83c018e350a6ccc9acd5187ef03dc4450ef5f257ecdf5,e3d6fcfe87bb1d5931c83c018e350a6ccc9acd5187ef03dc4450ef5f257ecdf5,1615199706,OTHER,,,0x,0.0,0x,0.0
318,WRAP-00d1fb817b629cdca3c1f47f333075f73078a35c444c4f74cf035da6e7171469,00d1fb817b629cdca3c1f47f333075f73078a35c444c4f74cf035da6e7171469,1615199177,WRAP,49648117673446200,49648117673446200,0x0000000000000000000000000000000000000000,-7.388155125109074e+21,0x00444797ba158a7bdb8302e72da98dcbccef0fbc,0.0
319,OTHER-bf38186b7c595c26faeb09ef6bed7a182b8987cf78900924077735ad6f285dcd,bf38186b7c595c26faeb09ef6bed7a182b8987cf78900924077735ad6f285dcd,1615176516,OTHER,,,0x,0.0,0x,0.0
320,WRAP-c9f8969a805526b2e0f29bc20d9b7b14e475e3874fc3f4ae1a58166e9a7be388,c9f8969a805526b2e0f29bc20d9b7b14e475e3874fc3f4ae1a58166e9a7be388,1615176230,WRAP,49648117673446200,49648117673446200,0x0000000000000000000000000000000000000000,-7.388155125109074e+21,0xfec18996c36d02902e4c55bcfb7a1c73aa1500cd,0.0
321,WRAP-5043a407b56658bb72030803276b18a6cf5d5793322de097f51c9cd7b8a09e90,5043a407b56658bb72030803276b18a6cf5d5793322de097f51c9cd7b8a09e90,1614955805,WRAP,993390809063228791,993390809063228791,0x0000000000000000000000000000000000000000,-7.388155125109074e+21,0xb60b2887c7f64ae49ecc939ecb48c985e9358f09,0.0
322,OTHER-db2c986163d283759d918c4c5a3461f39b4de0bf63a3344eab2cbf05e64d540b,db2c986163d283759d918c4c5a3461f39b4de0bf63a3344eab2cbf05e64d540b,1614199451,OTHER,,,0x,0.0,0x,0.0
323,WRAP-f406173c27a906773f4e0add0eccf0c2ef44f849d405d393d68bc89eccef1928,f406173c27a906773f4e0add0eccf0c2ef44f849d405d393d68bc89eccef1928,1614198194,WRAP,99572103060609015,99572103060609015,0x0000000000000000000000000000000000000000,-7.388155125109074e+21,0x9c767178528c8a205df63305ebda4bb6b147889b,0.0
324,UNWRAP-7917844e61fee088622ac6f04233a099fe37efa5ea72412c1919322be5e54a7e,7917844e61fee088622ac6f04233a099fe37efa5ea72412c1919322be5e54a7e,1614154142,UNWRAP,10000000000000000,10000000000000000,0xff002dae4b9a24a4512d89a9793a1ea794bc8c63,6.963027639793978e+16,0x0000000000000000000000000000000000000000,-7.388155125109074e+21
325,WRAP-33e92eb90651db99f9af4c40100122bdace71a7387685f34f19abf211cec76d4,33e92eb90651db99f9af4c40100122bdace71a7387685f34f19abf211cec76d4,1614154065,WRAP,9957210306060901,9957210306060901,0x0000000000000000000000000000000000000000,-7.388155125109074e+21,0xff002dae4b9a24a4512d89a9793a1ea794bc8c63,6.963027639793978e+16
326,WRAP-3b558a6f04b3e441dd7d2dbe5a906af7178732052696059ea84f95cc47b062cc,3b558a6f04b3e441dd7d2dbe5a906af7178732052696059ea84f95cc47b062cc,1614153966,WRAP,9957210306060901,9957210306060901,0x0000000000000000000000000000000000000000,-7.388155125109074e+21,0xff002dae4b9a24a4512d89a9793a1ea794bc8c63,6.963027639793978e+16
327,WRAP-3d1570d3feb5205253acf83470cc2cbb86516ecfb176e8232396f1c862d4b01d,3d1570d3feb5205253acf83470cc2cbb86516ecfb176e8232396f1c862d4b01d,1613757120,WRAP,99626629360729129,99626629360729129,0x0000000000000000000000000000000000000000,-7.388155125109074e+21,0xe19fc582dd93fa876cf4061eb5456f310144f57b,0.0
